# s_m; x_m; y_m; psi_rad; kappa_radpm; vx_mps; ax_mps2
0.0000000; 253.4992929; 12.4524958; -1; 3.8634938; 10.4437108; 0.3697262
1.9962133; 253.9826566; 13.5881537; -0.4047826; 0.0451215; 10.5141428; 1.1275393
3.9924267; 254.7316003; 15.5993795; -0.3063741; 0.0496820; 10.7260811; 0.9959631
5.9886400; 255.2716630; 17.7378819; -0.1888874; 0.0477560; 10.9098637; 0.8817566
7.9848533; 255.5616837; 19.7106283; -0.1070267; 0.0356959; 11.0700260; 0.8946069
9.9810666; 255.7101752; 21.7351958; -0.0414007; 0.0297541; 11.2301882; 0.8868739
11.9772800; 255.7341430; 23.8006929; 0.0175116; 0.0276492; 11.3867426; 0.8848010
13.9734933; 255.6425043; 25.8291237; 0.0723873; 0.0264883; 11.5408149; 0.8966927
15.9697066; 255.4546482; 27.7460276; 0.1228337; 0.0260120; 11.6948873; 1.0630461
17.9659200; 255.1474600; 29.7819474; 0.1768099; 0.0262728; 11.8749536; 1.1161128
19.9621333; 254.7512053; 31.7134720; 0.2272922; 0.0244747; 12.0611161; 1.2897492
21.9583466; 254.2687049; 33.6040335; 0.2709540; 0.0197684; 12.2727238; 1.5045619
23.9545600; 253.7039510; 35.5105487; 0.3020551; 0.0108677; 12.5150551; 1.6333581
25.9507733; 253.1078078; 37.3757187; 0.3140948; 0.0037997; 12.7729271; 1.8574319
27.9469866; 252.4924953; 39.2464011; 0.3213776; 0.0035533; 13.0599895; 1.9256254
29.9431999; 251.8438265; 41.1724919; 0.3282239; 0.0035107; 13.3510765; 2.1091902
31.9394133; 251.2063067; 43.0199052; 0.3369680; 0.0053827; 13.6627974; 2.1578673
33.9356266; 250.5224343; 44.9346550; 0.3497019; 0.0071312; 13.9745182; 2.3204283
35.9318399; 249.8231380; 46.8076192; 0.3653994; 0.0084753; 14.3021431; 2.4184256
37.9280533; 249.0926104; 48.6673672; 0.3836264; 0.0097984; 14.6358015; 2.4916955
39.9242666; 248.3196674; 50.5266221; 0.4048700; 0.0113075; 14.9717934; 2.6626890
41.9204799; 247.5078117; 52.3608625; 0.4290268; 0.0128397; 15.3227017; 2.7243741
43.9166933; 246.6540973; 54.1628593; 0.4564936; 0.0147915; 15.6736100; 2.8510375
45.9129066; 245.7377188; 55.9570795; 0.4887848; 0.0174032; 16.0326108; 2.9743746
47.9091199; 244.7601511; 57.7154189; 0.5272471; 0.0210375; 16.3987677; 3.0468769
49.9053332; 243.7387149; 59.3839641; 0.5730277; 0.0259526; 16.7655603; 3.2533194
51.9015466; 242.5827734; 61.0711158; 0.6294823; 0.0292911; 17.1485467; 3.3267977
53.8977599; 241.3805315; 62.6223395; 0.6902808; 0.0326742; 17.5315330; 3.4398442
55.8939732; 240.0636542; 64.1156752; 0.7536352; 0.0289466; 17.9189278; 3.5280698
57.8901866; 238.6680542; 65.5275268; 0.8025768; 0.0198983; 18.3077452; 3.4848353
59.8863999; 237.2299848; 66.8713596; 0.8339257; 0.0134032; 18.6838562; 3.4821095
61.8826132; 235.7372172; 68.1936697; 0.8564190; 0.0091778; 19.0522584; 3.3976774
63.8788266; 234.2241694; 69.4855854; 0.8696885; 0.0028706; 19.4049872; 3.2640180
65.8750399; 232.7146018; 70.7598038; 0.8671666; -0.0051067; 19.7379047; 3.2881548
67.8712532; 231.1658297; 72.0941618; 0.8500019; -0.0105498; 20.0677003; 2.9849686
69.8674665; 229.6989841; 73.4053202; 0.8343979; -0.0055459; 20.3624622; 3.0284933
71.8636799; 228.2124417; 74.7641488; 0.8274920; -0.0014107; 20.6572240; 2.9762162
73.8598932; 226.7090020; 76.1459763; 0.8294137; 0.0040496; 20.9428563; 2.9262801
75.8561065; 225.2065652; 77.5035543; 0.8452489; 0.0119562; 21.2199479; 2.9647428
77.8523199; 223.7362095; 78.7692717; 0.8784757; 0.0232457; 21.4970394; 3.1760788
79.8485332; 222.0935118; 80.0517255; 0.9430827; 0.0396623; 21.7899740; 3.2223852
81.8447465; 220.4797394; 81.1164908; 1.0384918; 0.0595997; 22.0832086; 3.4648067
83.8409599; 218.7361631; 82.0018127; 1.1646735; 0.0644482; 22.3942200; 3.5654911
85.8371732; 216.8615366; 82.6769105; 1.2805898; 0.0496719; 22.7098228; 3.5136084
87.8333865; 214.9798567; 83.1540369; 1.3583761; 0.0314978; 23.0166000; 3.5330416
89.8295998; 212.9951080; 83.5257809; 1.4088409; 0.0193584; 23.3210052; 3.5064933
91.8258132; 210.9884227; 83.8198512; 1.4384250; 0.0096023; 23.6192443; 3.4879430
93.8220265; 209.0021035; 84.0710599; 1.4486301; 0.0007735; 23.9122157; 3.4619810
95.8182398; 207.0020892; 84.3208900; 1.4415122; -0.0076845; 24.1994992; 2.9240963
97.8144532; 204.9543773; 84.6088375; 1.4179193; -0.0157442; 24.4395173; 2.9529552
99.8106665; 203.0410676; 84.9408765; 1.3756634; -0.0293562; 24.6795353; 2.6777137
101.8068798; 201.0215972; 85.4184079; 1.2951738; -0.0484559; 24.8951810; 2.6307258
103.8030931; 199.2288206; 86.0291981; 1.1824126; -0.0714127; 25.1052388; 2.7040237
105.7993065; 197.5047554; 86.9112286; 1.0022555; -0.1032906; 25.3193332; 2.7951500
107.7955198; 195.9556386; 88.1171025; 0.8291926; -0.0659618; 25.5387561; 2.9688683
109.7917331; 194.6057552; 89.4902529; 0.7334808; -0.0375540; 25.7697701; 3.0048023
111.7879465; 193.2367545; 91.1174913; 0.6703645; -0.0227393; 26.0014904; 3.0831307
113.7841598; 192.0547363; 92.6651340; 0.6376233; -0.0118677; 26.2371241; 3.1109450
115.7803731; 190.8595128; 94.3104259; 0.6213877; -0.0044636; 26.4727577; 2.7687730
117.7765865; 189.6594550; 95.9946428; 0.6193060; 0.0028731; 26.6807238; 2.4393374
119.7727998; 188.4675989; 97.6458974; 0.6342864; 0.0123445; 26.8626115; 2.4559104
121.7690131; 187.3002977; 99.1810137; 0.6704941; 0.0265977; 27.0444992; 2.0908347
123.7652264; 185.9239013; 100.8068792; 0.7373622; 0.0357426; 27.1983905; 2.0628065
125.7614398; 184.5961847; 102.1630034; 0.8164689; 0.0491885; 27.3493701; 2.3556800
127.7576531; 183.0542128; 103.4588799; 0.9311288; 0.0599732; 27.5207726; 2.5749809
129.7538664; 181.4759009; 104.5105510; 1.0288500; 0.0473658; 27.7069188; 3.1163078
131.7500798; 179.7564315; 105.4310781; 1.1309390; 0.0515972; 27.9305385; 2.0942138
133.7462931; 177.9523665; 106.1818726; 1.2153865; 0.0327939; 28.0798143; 1.3423117
135.7425064; 176.0570211; 106.8259247; 1.2669941; 0.0203883; 28.1750786; 0.5402229
137.7387198; 174.0834178; 107.4050628; 1.3010425; 0.0122737; 28.2133276; -0.5343920
139.7349331; 172.1821127; 107.9111153; 1.3180933; 0.0055322; 28.1754917; -0.5336749
141.7311464; 170.1892114; 108.4175416; 1.3240871; 0.0005026; 28.1376558; -0.5438076
143.7273597; 168.2400894; 108.9101957; 1.3210730; -0.0033940; 28.0990492; -0.5455386
145.7235731; 166.3008554; 109.4144160; 1.3104924; -0.0072127; 28.0602662; -0.5159995
147.7197864; 164.3757401; 109.9448990; 1.2918869; -0.0114979; 28.0235339; 0.0804208
149.7159997; 162.3968707; 110.5400593; 1.2638899; -0.0159098; 28.0292620; 0.0804372
151.7122131; 160.5187802; 111.1721090; 1.2262071; -0.0227082; 28.0349900; 0.0469396
153.7084264; 158.6175496; 111.9118110; 1.1705374; -0.0306877; 28.0383321; 0.0035436
155.7046397; 156.7648515; 112.7717249; 1.0980121; -0.0425607; 28.0385844; -0.0048738
157.7008531; 155.0892146; 113.7376671; 0.9856796; -0.0791964; 28.0382374; -0.0224712
159.6970664; 153.5819220; 114.9442367; 0.7976364; -0.1016358; 28.0366375; -0.0282023
161.6932797; 152.3681405; 116.3756568; 0.6117405; -0.0871263; 28.0346294; -0.0288897
163.6894930; 151.3507440; 118.0616026; 0.4886871; -0.0447027; 28.0325723; -0.0286896
165.6857064; 150.4837936; 119.8603736; 0.4133507; -0.0329719; 28.0305292; -0.0297721
167.6819197; 149.7209135; 121.7614891; 0.3525879; -0.0248319; 28.0284089; -0.0308897
169.6781330; 149.0792847; 123.6291894; 0.3116913; -0.0172916; 28.0262088; -0.0302962
171.6743464; 148.4742047; 125.6164835; 0.2810428; -0.0125364; 28.0240508; -0.0106094
173.6705597; 147.9471497; 127.5185810; 0.2611149; -0.0078469; 28.0232951; -0.0106091
175.6667730; 147.4416513; 129.4609356; 0.2494027; -0.0039139; 28.0225393; 0.0313174
177.6629864; 146.9475583; 131.4230645; 0.2451979; -0.0002679; 28.0247702; 0.1105854
179.6591997; 146.4550581; 133.3831775; 0.2484030; 0.0035126; 28.0326461; 0.1106165
181.6554130; 145.9599241; 135.2963522; 0.2595417; 0.0079376; 28.0405220; 0.4110119
183.6516263; 145.4156662; 137.2647181; 0.2825096; 0.0152528; 28.0697668; 0.5434753
185.6478397; 144.8231240; 139.1736587; 0.3229635; 0.0258690; 28.1083901; 0.8665853
187.6440530; 144.1489802; 141.0060477; 0.3857398; 0.0355028; 28.1698664; 1.6361525
189.6402663; 143.3307268; 142.8368418; 0.4532681; 0.0307071; 28.2855721; 1.5750575
191.6364797; 142.4268748; 144.5718103; 0.5037949; 0.0197977; 28.3965120; 1.2618974
193.6326930; 141.4469055; 146.2898245; 0.5280040; 0.0048056; 28.4850825; 1.1293387
195.6289063; 140.4307822; 148.0317437; 0.5235533; -0.0091584; 28.5641161; -0.8075717
197.6251196; 139.4710858; 149.7519088; 0.4887965; -0.0257578; 28.5076228; -0.8059729
199.6213330; 138.5796391; 151.5622720; 0.4212097; -0.0409563; 28.4511295; -3.0669905
201.6175463; 137.8410522; 153.4060195; 0.3444430; -0.0326629; 28.2351206; -3.4987805
203.6137596; 137.2193066; 155.3101246; 0.2905175; -0.0214717; 27.9866649; -4.6420958
205.6099730; 136.6777343; 157.2495074; 0.2574834; -0.0113961; 27.6535745; -5.7609928
207.6061863; 136.1833168; 159.1910673; 0.2445067; -0.0015252; 27.2345340; -5.8475440
209.6023996; 135.6983611; 161.1194183; 0.2516766; 0.0085433; 26.8024990; -6.7203069
211.5986130; 135.1748374; 163.0632442; 0.2773696; 0.0171152; 26.2972169; -6.5924098
213.5948263; 134.5961076; 164.9528060; 0.3199877; 0.0260454; 25.7919349; -6.6951903
215.5910396; 133.9235462; 166.8200643; 0.3701898; 0.0231296; 25.2684358; -6.5836302
217.5872529; 133.1616077; 168.6656698; 0.4110256; 0.0176308; 24.7428614; -6.6073442
219.5834663; 132.3414607; 170.4685802; 0.4417827; 0.0142369; 24.2039223; -6.5360019
221.5796796; 131.4627123; 172.2631922; 0.4682631; 0.0123261; 23.6587266; -6.3251136
223.5758929; 130.5366382; 174.0418145; 0.4911859; 0.0103362; 23.1188839; -6.0784651
225.5721063; 129.5829914; 175.7847705; 0.5093225; 0.0079609; 22.5879385; -5.9372463
227.5683196; 128.5871422; 177.5378686; 0.5231362; 0.0057763; 22.0569931; -5.2755477
229.5645329; 127.5882061; 179.2503838; 0.5321920; 0.0033840; 21.5742603; -5.1461981
231.5607463; 126.5679095; 180.9726739; 0.5366945; 0.0011385; 21.0927212; -4.5862355
233.5569596; 125.5437708; 182.6924947; 0.5367196; -0.0012057; 20.6541202; -4.0566946
235.5531729; 124.5267551; 184.4097675; 0.5318205; -0.0036995; 20.2582483; -3.9781887
237.5493862; 123.5203963; 186.1380734; 0.5219213; -0.0062065; 19.8623764; -2.9872455
239.5455996; 122.5342625; 187.8809508; 0.5070596; -0.0086558; 19.5598476; -2.9307201
241.5418129; 121.5819425; 189.6342514; 0.4872265; -0.0112576; 19.2584255; -2.6059933
243.5380262; 120.6662379; 191.4146066; 0.4620244; -0.0138131; 18.9863824; -2.2705381
245.5342396; 119.7995022; 193.2210710; 0.4318218; -0.0164000; 18.7461399; -2.2375681
247.5304529; 119.0023948; 195.0319866; 0.3964852; -0.0193751; 18.5063350; -2.0454447
249.5266662; 118.2585492; 196.9158906; 0.3547570; -0.0219336; 18.2843689; -2.0207635
251.5228796; 117.6127089; 198.7890148; 0.3082376; -0.0251551; 18.0624028; -2.0446943
253.5190929; 117.0526786; 200.7238312; 0.2542807; -0.0281968; 17.8349966; -2.0425808
255.5153062; 116.6078550; 202.6660538; 0.1948880; -0.0315788; 17.6048928; -2.0998606
257.5115195; 116.2861484; 204.6338416; 0.1279690; -0.0352850; 17.3651579; -2.1683572
259.5077329; 116.1032505; 206.6250961; 0.0541043; -0.0386255; 17.1140791; -2.2283765
261.5039462; 116.0741851; 208.6034153; -0.0260571; -0.0426588; 16.8521534; -2.3195681
263.5001595; 116.2131612; 210.5913379; -0.1145259; -0.0456187; 16.5751129; -2.3862077
265.4963729; 116.5257367; 212.5308158; -0.2059402; -0.0482147; 16.2851960; -2.4449730
267.4925862; 117.0266309; 214.4571893; -0.3027287; -0.0479269; 15.9826854; -2.5218436
269.4887995; 117.6985918; 216.3075213; -0.3919191; -0.0419566; 15.6645446; -2.5569107
271.4850129; 118.5342523; 218.1215204; -0.4694609; -0.0359198; 15.3352430; -2.6417619
273.4812262; 119.5046562; 219.8816017; -0.5366956; -0.0312126; 14.9874160; -2.7420138
275.4774395; 120.5681181; 221.5534737; -0.5954270; -0.0283335; 14.6176383; -2.7320434
277.4736528; 121.7604423; 223.2105377; -0.6514704; -0.0265839; 14.2396582; -3.2613355
279.4698662; 122.9972284; 224.7501269; -0.7011891; -0.0239440; 13.7748765; -3.1531196
281.4660795; 124.3286150; 226.2541330; -0.7474247; -0.0222321; 13.3100949; -3.6427168
283.4622928; 125.7170408; 227.6898038; -0.7875763; -0.0154547; 12.7520722; -3.9364806
285.4585062; 127.1432609; 229.0770477; -0.8072664; -0.0044278; 12.1201995; -3.7364703
287.4547195; 128.5985624; 230.4676041; -0.8055127; 0.0060333; 11.4883268; -2.8666383
289.4509328; 130.0338412; 231.8722296; -0.7835946; 0.0158578; 10.9789256; -2.7089823
291.4471461; 131.4186465; 233.3169993; -0.7411448; 0.0269169; 10.4747981; -3.0657732
293.4433595; 132.7299422; 234.8440969; -0.6724212; 0.0438655; 9.8732731; -3.8222804
295.4395728; 133.9110456; 236.5051880; -0.5531370; 0.0752506; 9.0675987; -3.4971091
297.4357861; 134.7816250; 238.2293325; -0.3682483; 0.1178365; 8.2619244; -0.9517511
299.4319995; 135.3067892; 240.2897560; -0.1460384; 0.0829508; 8.0286735; -0.6173019
301.4282128; 135.4557557; 242.1924661; -0.0221253; 0.0443330; 7.8736946; -0.6291700
303.4244261; 135.2487461; 244.1079682; 0.4214373; 0.5323117; 7.7125321; -0.5310577
305.4206395; 133.9706949; 245.3426408; 1.0416762; 0.1478082; 7.5738327; -0.4253632
307.4168528; 132.1318805; 246.1598340; 1.2417259; 0.0769068; 7.4608787; 0.0341591
309.4130661; 130.0428794; 246.6868933; 1.4067336; 0.0759810; 7.4700126; 1.0344794
311.4092794; 128.0702358; 246.8715512; 1.5430993; 0.0607035; 7.7415225; 1.0714081
313.4054928; 126.0643318; 246.8168653; 1.6469940; 0.0428056; 8.0130325; 1.6244327
315.4017061; 124.0923080; 246.5900343; 1.7203006; 0.0322095; 8.4079794; 1.7763266
317.3979194; 122.1200300; 246.2328412; 1.7771814; 0.0248889; 8.8196356; 2.0880190
319.3941328; 120.1640410; 245.7761554; 1.8212363; 0.0191040; 9.2802066; 2.6428724
321.3903461; 118.2347539; 245.2471731; 1.8535883; 0.0131535; 9.8322789; 2.7955534
323.3865594; 116.3317761; 244.6714112; 1.8735182; 0.0068470; 10.3843513; 3.0995093
325.3827728; 114.4265959; 244.0645677; 1.8841568; 0.0044661; 10.9640008; 3.2994271
327.3789861; 112.5303757; 243.4418781; 1.8914870; 0.0028750; 11.5491140; 3.3893747
329.3751994; 110.6388423; 242.8086786; 1.8956729; 0.0014334; 12.1208030; 3.3940111
331.3714127; 108.7445384; 242.1684333; 1.8973993; 0.0002875; 12.6674467; 3.5437042
333.3676261; 106.8592353; 241.5300289; 1.8968091; -0.0008855; 13.2140904; 3.3941543
335.3638394; 104.9635030; 240.8913765; 1.8945786; -0.0012565; 13.7172554; 3.4833221
337.3600527; 103.0715027; 240.2592649; 1.8917976; -0.0015327; 14.2151330; 3.4713328
339.3562661; 101.1770537; 239.6327491; 1.8885243; -0.0016725; 14.6945244; 3.4210496
341.3524794; 99.2782691; 239.0117912; 1.8852094; -0.0016458; 15.1521397; 3.5149443
343.3486927; 97.3829900; 238.3988592; 1.8819599; -0.0016185; 15.6083469; 3.3952016
345.3449061; 95.4783732; 237.7897237; 1.8787079; -0.0016338; 16.0366950; 3.4871166
347.3411194; 93.5769017; 237.1884247; 1.8754358; -0.0016474; 16.4650431; 3.4517428
349.3373327; 91.6711334; 236.5926472; 1.8721424; -0.0016467; 16.8783433; 3.4684620
351.3335460; 89.7638707; 236.0032771; 1.8688644; -0.0016372; 17.2836933; 3.5025001
353.3297594; 87.8561894; 235.4205983; 1.8656068; -0.0016363; 17.6835949; 3.4517681
355.3259727; 85.9441202; 234.8434094; 1.8623134; -0.0016614; 18.0690470; 3.5261957
357.3221860; 84.0327384; 234.2733362; 1.8589760; -0.0016848; 18.4544991; 3.4406913
359.3183994; 82.1171694; 233.7090309; 1.8555732; -0.0017245; 18.8229978; 3.4911867
361.3146127; 80.2007893; 233.1516491; 1.8520912; -0.0017646; 19.1896731; 3.4698612
363.3108260; 78.2824585; 232.6010201; 1.8485287; -0.0018071; 19.5472944; 3.4564008
365.3070394; 76.3618044; 232.0572148; 1.8448769; -0.0018514; 19.8971391; 3.4904770
367.3032527; 74.4393679; 231.5205699; 1.8411396; -0.0018910; 20.2442984; 3.4207505
369.2994660; 72.5151364; 230.9912374; 1.8373403; -0.0019161; 20.5788414; 3.4768162
371.2956793; 70.5879992; 230.4690254; 1.8334912; -0.0019392; 20.9133844; 3.4124447
373.2918927; 68.6602913; 229.9546383; 1.8296369; -0.0019159; 21.2366095; 3.4365002
375.2881060; 66.7294390; 229.4473119; 1.8258471; -0.0018805; 21.5572159; 3.2715674
377.2843193; 64.7972446; 228.9473692; 1.8221607; -0.0017754; 21.8580660; 3.0429706
379.2805327; 62.8639263; 228.4544184; 1.8188097; -0.0015836; 22.1342243; 2.8834583
381.2767460; 60.9259578; 227.9668023; 1.8158392; -0.0013677; 22.3927641; 0.2311489
383.2729593; 58.9915666; 227.4855136; 1.8136378; -0.0008423; 22.4133605; 0.2313614
385.2691726; 57.0519346; 227.0063826; 1.8124747; -0.0003231; 22.4339569; -2.1689946
387.2653860; 55.1144366; 226.5291026; 1.8123532; 0.0002056; 22.2401185; -3.2562079
389.2615993; 53.1763424; 226.0508334; 1.8132942; 0.0007362; 21.9459039; -3.9463983
391.2578126; 51.2376338; 225.5693870; 1.8153011; 0.0012982; 21.5839522; -5.7147189
393.2540260; 49.3026730; 225.0835138; 1.8185391; 0.0019471; 21.0487861; -5.5712459
395.2502393; 47.3668594; 224.5894192; 1.8230746; 0.0025925; 20.5136200; -5.2864588
397.2464526; 45.4362456; 224.0859221; 1.8290107; 0.0033756; 19.9925688; -5.1301507
399.2426660; 43.5076965; 223.5690617; 1.8365512; 0.0041774; 19.4735990; -4.8320177
401.2388793; 41.5835360; 223.0361214; 1.8457434; 0.0050937; 18.9718101; -4.5150576
403.2350926; 39.6655732; 222.4838111; 1.8569626; 0.0061485; 18.4906339; -4.3809284
405.2313059; 37.7534047; 221.9076580; 1.8702954; 0.0072100; 18.0114688; -3.7425452
407.2275193; 35.8514447; 221.3044609; 1.8859376; 0.0084681; 17.5917927; -3.6543141
409.2237326; 33.9587772; 220.6688112; 1.9040972; 0.0097211; 17.1721166; -3.2103240
411.2199459; 32.0789731; 219.9966184; 1.9247406; 0.0109561; 16.7947791; -2.9134942
413.2161593; 30.2143852; 219.2834903; 1.9478554; 0.0122053; 16.4448379; -2.7678685
415.2123726; 28.3685964; 218.5255070; 1.9734799; 0.0134934; 16.1053464; -2.3289090
417.2085859; 26.5470978; 217.7195909; 2.0016404; 0.0147513; 15.8140502; -2.2864018
419.2047993; 24.7437564; 216.8574500; 2.0322206; 0.0158077; 15.5227540; -2.0546868
421.2010126; 22.9637261; 215.9361026; 2.0650799; 0.0171377; 15.2562350; -1.9544214
423.1972259; 21.2198255; 214.9558614; 2.1014104; 0.0193349; 14.9983273; -1.9005454
425.1934392; 19.5389572; 213.9239164; 2.1420984; 0.0209876; 14.7432030; -1.8198494
427.1896526; 17.9151549; 212.8348605; 2.1797401; 0.0170063; 14.4947031; -1.7889148
429.1858659; 16.2671499; 211.6477568; 2.2082955; 0.0110417; 14.2462033; -1.7018711
431.1820792; 14.5685644; 210.3622258; 2.2283674; 0.0090239; 14.0057029; -1.6615811
433.1782926; 12.9624855; 209.0959830; 2.2499774; 0.0136310; 13.7668432; -1.8649163
435.1745059; 11.3381940; 207.7259845; 2.3017819; 0.0370214; 13.4937182; -2.3556067
437.1707192; 10.1404016; 206.5688058; 2.4777292; 1.7170737; 13.1406181; -1.5836239
439.1669326; 10.5277781; 204.9617204; -2.7631595; 0.0295495; 12.8978037; -0.7040582
441.1631459; 11.3529160; 203.0414077; -2.7098388; 0.0245029; 12.7883713; -0.2295836
443.1593592; 12.3258607; 201.0713539; -2.6582037; 0.0184234; 12.7524839; 0.1390563
445.1555725; 13.2931521; 199.2965519; -2.6294773; 0.0108709; 12.7742325; 0.1392933
447.1517859; 14.2978924; 197.5476195; -2.6123054; 0.0063767; 12.7959812; 0.6760487
449.1479992; 15.3546912; 195.7687830; -2.5969633; 0.0106108; 12.9010159; 0.8636757
451.1442125; 16.4003925; 194.0918743; -2.5685634; 0.0181155; 13.0339699; 0.9726526
453.1404259; 17.4781333; 192.4909706; -2.5280736; 0.0224295; 13.1820945; 1.2645644
455.1366392; 18.6601557; 190.8892284; -2.4837447; 0.0220221; 13.3722211; 1.2826728
457.1328525; 19.9181185; 189.3324494; -2.4404661; 0.0211488; 13.5623476; 1.0397243
459.1290658; 21.2278880; 187.8456216; -2.3981322; 0.0217502; 13.7145287; 1.0206495
461.1252792; 22.6137762; 186.4033634; -2.3538673; 0.0224932; 13.8622929; 0.9657970
463.1214925; 24.0663601; 185.0219111; -2.3081386; 0.0231025; 14.0006799; 0.9008410
465.1177058; 25.5765874; 183.7134269; -2.2609678; 0.0242461; 14.1285378; 0.9090303
467.1139192; 27.1479597; 182.4803328; -2.2106643; 0.0262741; 14.2563957; 0.9340717
469.1101325; 28.8000264; 181.3187022; -2.1560128; 0.0279864; 14.3865920; 0.9426584
471.1063458; 30.4883714; 180.2681962; -2.0978753; 0.0306651; 14.5168015; 1.0233163
473.1025592; 32.2596578; 179.3117563; -2.0329897; 0.0335556; 14.6568428; 1.0890294
475.0987725; 34.0828796; 178.4810601; -1.9624440; 0.0371421; 14.8044220; 1.1653255
477.0949858; 35.9416469; 177.7957813; -1.8839391; 0.0418056; 14.9607281; 1.3462371
479.0911991; 37.8909682; 177.2571219; -1.7955032; 0.0458430; 15.1392912; 1.4346714
481.0874125; 39.8148378; 176.9105611; -1.7004971; 0.0527073; 15.3272946; 1.7298138
483.0836258; 41.8100184; 176.7642560; -1.5842620; 0.0622816; 15.5509522; 1.8632305
485.0798391; 43.7626572; 176.8588495; -1.4606396; 0.0616153; 15.7883161; 2.1263392
487.0760525; 45.7073924; 177.1881094; -1.3492111; 0.0504934; 16.0549114; 2.2507271
489.0722658; 47.6351962; 177.7166822; -1.2615222; 0.0376392; 16.3323618; 2.4380557
491.0684791; 49.4914259; 178.3800809; -1.1963952; 0.0290488; 16.6276817; 2.5213337
493.0646925; 51.3766866; 179.1814844; -1.1433716; 0.0227078; 16.9276708; 2.7608412
495.0609058; 53.1450509; 180.0302089; -1.1053162; 0.0164154; 17.2501738; 2.8129439
497.0571191; 54.9423187; 180.9666942; -1.0772181; 0.0115226; 17.5726768; 3.0428211
499.0533324; 56.6920966; 181.9308172; -1.0587320; 0.0068867; 17.9149995; 3.1709041
501.0495458; 58.4286344; 182.9192452; -1.0493857; 0.0025390; 18.2649065; 2.8149884
503.0457591; 60.1723669; 183.9236129; -1.0484304; -0.0015549; 18.5700147; 0.3342901
505.0419724; 61.9148911; 184.9201109; -1.0555435; -0.0055636; 18.6059150; 0.3349358
507.0381858; 63.6558893; 185.8901035; -1.0708541; -0.0098840; 18.6418154; -1.4423232
509.0343991; 65.4328638; 186.8342167; -1.0956786; -0.0149324; 18.4867226; -2.8356581
511.0306124; 67.2331843; 187.7221549; -1.1315372; -0.0209977; 18.1779469; -2.8457989
513.0268258; 69.0293918; 188.5164667; -1.1797135; -0.0280040; 17.8627017; -3.4933940
515.0230391; 70.9269510; 189.2337275; -1.2403903; -0.0318217; 17.4679418; -3.4153285
517.0192524; 72.8112821; 189.8121273; -1.3067578; -0.0354712; 17.0731820; -2.8154773
519.0154657; 74.7622483; 190.2643086; -1.3796964; -0.0368117; 16.7407573; -2.5995324
521.0116791; 76.7272328; 190.5700704; -1.4532420; -0.0370536; 16.4278579; -2.3182819
523.0078924; 78.7141077; 190.7304739; -1.5274987; -0.0378013; 16.1436967; -2.1012556
525.0041057; 80.7092364; 190.7406690; -1.6043422; -0.0392078; 15.8817453; -2.0136734
527.0003191; 82.6942455; 190.5954490; -1.6837396; -0.0405003; 15.6265924; -1.9124493
528.9965324; 84.6665131; 190.2898718; -1.7655993; -0.0414506; 15.3803471; -1.8912693
530.9927457; 86.6013022; 189.8239959; -1.8488242; -0.0422523; 15.1328888; -1.8781154
532.9889591; 88.4934770; 189.1959106; -1.9340668; -0.0431812; 14.8830805; -1.8699893
534.9851724; 90.3240212; 188.4078131; -2.0208704; -0.0440888; 14.6301159; -1.9048142
536.9813857; 92.0720545; 187.4656758; -2.1097842; -0.0452672; 14.3678620; -1.8846144
538.9775990; 93.7448621; 186.3588322; -2.2008783; -0.0450701; 14.1035909; -1.9408308
540.9738124; 95.2914270; 185.1237341; -2.2877701; -0.0428653; 13.8261582; -1.9022733
542.9700257; 96.7521637; 183.7363705; -2.3726532; -0.0415146; 13.5487255; -2.0043971
544.9662390; 98.0763832; 182.2507923; -2.4541255; -0.0405385; 13.2501153; -1.9700627
546.9624524; 99.2824255; 180.6539835; -2.5354526; -0.0409569; 12.9499121; -2.0769045
548.9586657; 100.3566687; 178.9582969; -2.6185157; -0.0416268; 12.6257014; -2.0991605
550.9548790; 101.2809140; 177.1877878; -2.7029600; -0.0431614; 12.2893284; -1.8655689
552.9510923; 102.0503790; 175.3397948; -2.7919846; -0.0456404; 11.9824640; -1.5660942
554.9473057; 102.6486994; 173.4250877; -2.8865536; -0.0489320; 11.7186573; -1.0135826
556.9435190; 103.0525039; 171.4818593; -2.9884288; -0.0532288; 11.5447076; 0.7032285
558.9397323; 103.2511923; 169.4719451; -3.0987430; -0.0563789; 11.6656702; 0.7201637
560.9359457; 103.2227686; 167.5025420; 3.0678452; -0.0625673; 11.7882595; 0.7653856
562.9321590; 102.9437183; 165.5109405; 2.9345536; -0.0696081; 11.9171645; 0.7895374
564.9283723; 102.4090653; 163.6299275; 2.7927976; -0.0758070; 12.0486920; 0.8281490
566.9245857; 101.5932730; 161.8250459; 2.6421682; -0.0734515; 12.1851263; 0.8197156
568.9207990; 100.5420447; 160.1749854; 2.5112766; -0.0593331; 12.3186833; 0.8136108
570.9170123; 99.2785197; 158.6277932; 2.4067801; -0.0458202; 12.4498289; 0.3247648
572.9132256; 97.8740427; 157.1991711; 2.3267145; -0.0337752; 12.5017934; -0.1245199
574.9094390; 96.3875738; 155.8804131; 2.2691989; -0.0248166; 12.4818950; -0.7010470
576.9056523; 94.7937491; 154.6038724; 2.2254596; -0.0161736; 12.3692693; -3.0048979
578.9018656; 93.2220248; 153.4221431; 2.2112218; 0.0012217; 11.8744258; -2.8822306
580.8980790; 91.6112106; 152.2052322; 2.2294764; 0.0164721; 11.3795824; -2.3516253
582.8942923; 90.0518382; 150.9472928; 2.2718831; 0.0236601; 10.9592976; -2.0633832
584.8905056; 88.5563876; 149.6191840; 2.3236575; 0.0283029; 10.5767810; -1.9976883
586.8867190; 87.1363280; 148.2056173; 2.3861676; 0.0343991; 10.1927755; -2.9594524
588.8829323; 85.8226400; 146.6973207; 2.4684303; 0.0478828; 9.5956905; -2.7808590
590.8791456; 84.6646855; 145.0791505; 2.5767890; 0.0606904; 8.9986055; -1.8690568
592.8753589; 83.6685832; 143.2481375; 2.7100399; 0.0603029; 8.5739622; -0.5316748
594.8715723; 82.8955098; 141.2465592; 2.8372690; 0.0645177; 8.4492695; -0.5238859
596.8677856; 82.4870049; 139.5389404; 3.0000731; 0.1561360; 8.3245769; -0.6931043
598.8639989; 82.8446092; 137.5875625; -2.4603851; 0.4860296; 8.1566790; -0.5062817
600.8602123; 84.3516306; 136.5198875; -2.0293114; 0.0787615; 8.0318192; 0.6332356
602.8564256; 86.2065390; 135.7680416; -1.8490517; 0.1482333; 8.1876899; 1.0384769
604.8526389; 88.1981143; 135.5982796; -1.4250963; 0.2352575; 8.4370794; 1.5384772
606.8488523; 89.9566210; 136.1921193; -1.1023767; 0.1178905; 8.7935525; 1.6485331
608.8450656; 91.7767438; 137.3476025; -0.9322314; 0.0477908; 9.1601426; 1.9646646
610.8412789; 93.2958832; 138.5546603; -0.8775750; 0.0129400; 9.5787260; 2.0524368
612.8374922; 94.8675411; 139.8739344; -0.8751539; -0.0100490; 9.9973094; 2.4513165
614.8337056; 96.4851662; 141.1737544; -0.9206542; -0.0327698; 10.4753471; 3.0116218
616.8299189; 98.1510050; 142.3364848; -1.0102442; -0.0565358; 11.0343362; 3.1681525
618.8261322; 99.8447331; 143.2560097; -1.1455403; -0.0842155; 11.5933254; -2.5049238
620.8223456; 101.7185886; 143.9158265; -1.3178279; -0.0837548; 11.1536751; -3.4603161
622.8185589; 103.6752985; 144.2575131; -1.4745326; -0.0733473; 10.5161499; -3.4095703
624.8147722; 105.6690571; 144.3106993; -1.6113877; -0.0667984; 9.8476876; -3.3649401
626.8109856; 107.6590609; 144.0944412; -1.7478220; -0.0701602; 9.1401681; -2.9623687
628.8071989; 109.5874194; 143.6038620; -1.8945606; -0.0770861; 8.4685084; -0.4622318
630.8034122; 111.4807375; 142.7980073; -2.0520329; -0.0777204; 8.3588401; -0.4562068
632.7996255; 113.1322587; 141.7616485; -2.2151227; -0.0925642; 8.2491718; -0.4946913
634.7958389; 114.6768446; 140.3351281; -2.4179931; -0.0962632; 8.1285802; -0.4976520
636.7920522; 115.7764574; 138.8339208; -2.6043616; -0.1097450; 8.0054342; -0.5543403
638.7882655; 116.4912134; 136.9707712; -3.0004625; -0.2537470; 7.8659910; 0.3424159
640.7844789; 116.3729720; 135.1696939; 2.8913333; -0.1817917; 7.9524138; 0.8028318
642.7806922; 115.5047902; 133.2146881; 2.5817515; -0.1092956; 8.1514497; 1.4546855
644.7769055; 114.4094772; 131.7463555; 2.4338356; -0.0613903; 8.5002269; 1.5156236
646.7731188; 112.9667291; 130.2404191; 2.3273787; -0.0438558; 8.8490041; 1.7686132
648.7693322; 111.4233014; 128.9006015; 2.2482671; -0.0316435; 9.2393686; 1.9807973
650.7655455; 109.8425297; 127.6979400; 2.1981226; -0.0194236; 9.6578527; 2.0685279
652.7617588; 108.1791811; 126.5326769; 2.1689969; -0.0095490; 10.0763369; 2.5889962
654.7579722; 106.4985480; 125.4040295; 2.1579933; -0.0016179; 10.5768116; 2.8800995
656.7541855; 104.8285535; 124.2904767; 2.1623498; 0.0060487; 11.1070936; 3.0209657
658.7503988; 103.1967353; 123.1735496; 2.1824929; 0.0145580; 11.6373757; -0.7215592
660.7466122; 101.4761074; 121.9201089; 2.2202441; 0.0208283; 11.5129380; -1.4788871
662.7428255; 99.9039690; 120.6649805; 2.2731536; 0.0340323; 11.2535947; -1.9859004
664.7390388; 98.4495327; 119.3214728; 2.3708827; 0.0640499; 10.8956336; -3.3439687
666.7352521; 97.1550427; 117.7741479; 2.5299879; 0.0969745; 10.2647105; -1.6225371
668.7314655; 96.3471190; 116.1638001; 2.9319738; 0.3573933; 9.9441652; -0.5293727
670.7276788; 96.3547207; 114.3759171; -2.9888569; 0.1332264; 9.8373238; -0.2807530
672.7238921; 96.9622263; 112.2747793; -2.7455355; 0.0907680; 9.7801868; 1.1620465
674.7201055; 97.8146402; 110.5852494; -2.6135433; 0.0565493; 10.0145614; 1.1895643
676.7163188; 98.9607937; 108.8472756; -2.5058967; 0.0498029; 10.2489359; 1.1952511
678.7125321; 100.2492420; 107.2742568; -2.4062240; 0.0461294; 10.4791526; 1.2130178
680.7087455; 101.6511516; 105.8547873; -2.3208336; 0.0394613; 10.7077320; 1.3162638
682.7049588; 103.1622640; 104.5486119; -2.2484698; 0.0329824; 10.9503704; 1.6668926
684.7011721; 104.7595101; 103.3423171; -2.1889579; 0.0265394; 11.2501359; 1.7119075
686.6973854; 106.4114985; 102.2272281; -2.1421420; 0.0204846; 11.5499014; 2.1664804
688.6935988; 108.1168187; 101.1752237; -2.1068235; 0.0148202; 11.9184620; 2.4275371
690.6898121; 109.8461403; 100.1778010; -2.0830624; 0.0089170; 12.3183400; 2.6022964
692.6860254; 111.5845914; 99.2158020; -2.0712009; 0.0039283; 12.7330663; 3.0187266
694.6822388; 113.3425032; 98.2627178; -2.0643538; 0.0029060; 13.1978416; 3.1269395
696.6784521; 115.0985882; 97.3237413; -2.0596384; 0.0018218; 13.6626169; 3.3138812
698.6746654; 116.8625062; 96.3889500; -2.0568437; 0.0010390; 14.1385122; 3.4459549
700.6708788; 118.6283515; 95.4578255; -2.0554761; 0.0003306; 14.6169508; 3.4649456
702.6670921; 120.3947432; 94.5279296; -2.0554321; -0.0001502; 15.0827315; 3.4315975
704.6633054; 122.1615836; 93.5972074; -2.0558805; -0.0002990; 15.5302670; 3.5285409
706.6595187; 123.9252514; 92.6668115; -2.0566256; -0.0004495; 15.9773788; 3.4007646
708.6557321; 125.6912038; 91.7331288; -2.0577497; -0.0006761; 16.3967660; 3.4888742
710.6519454; 127.4541066; 90.7980108; -2.0593261; -0.0009039; 16.8161533; 3.4491016
712.6481587; 129.2160785; 89.8593283; -2.0613178; -0.0010670; 17.2207229; 3.4534447
714.6443721; 130.9759173; 88.9169682; -2.0635718; -0.0011912; 17.6164957; 3.4869982
716.6405854; 132.7328523; 87.9707820; -2.0660703; -0.0013063; 18.0072903; 3.4224539
718.6367987; 134.4883701; 87.0194574; -2.0687661; -0.0013939; 18.3827746; 3.4930819
720.6330121; 136.2402225; 86.0638039; -2.0716350; -0.0014814; 18.7582588; 3.4163940
722.6292254; 137.9901234; 85.1025093; -2.0746506; -0.0015350; 19.1183675; 3.4583889
724.6254387; 139.7366222; 84.1361054; -2.0777625; -0.0015830; 19.4761223; 3.4457402
726.6216520; 141.4800685; 83.1641848; -2.0809640; -0.0016187; 19.8261496; 3.4264301
728.6178654; 143.2205406; 82.1865397; -2.0842185; -0.0016418; 20.1681922; 3.4679626
730.6140787; 144.9575714; 81.2033252; -2.0875179; -0.0016623; 20.5085729; 3.3962765
732.6102920; 146.6915172; 80.2142551; -2.0908409; -0.0016669; 20.8365292; 3.4501561
734.6065054; 148.4221601; 79.2194222; -2.0941726; -0.0016710; 21.1644854; 3.4018143
736.6027187; 150.1493191; 78.2189154; -2.0975070; -0.0016683; 21.4829453; 3.4170536
738.5989320; 151.8732969; 77.2125691; -2.1008321; -0.0016630; 21.7981484; 3.4189442
740.5951453; 153.5938962; 76.2005229; -2.1041437; -0.0016511; 22.1090289; 3.3849774
742.5913587; 155.3109672; 75.1829239; -2.1074165; -0.0016283; 22.4125731; 3.4311344
744.5875720; 157.0253788; 74.1593562; -2.1106448; -0.0016052; 22.7161173; 3.3540048
746.5837853; 158.7355571; 73.1308620; -2.1138336; -0.0015907; 23.0089679; 3.3963816
748.5799987; 160.4431979; 72.0964965; -2.1169953; -0.0015765; 23.3017683; 3.3673355
750.5762120; 162.1473059; 71.0569119; -2.1201568; -0.0016087; 23.5884770; 3.3633921
752.5724253; 163.8480786; 70.0118499; -2.1234288; -0.0016696; 23.8714127; 3.3775112
754.5686387; 165.5455909; 68.9609809; -2.1268219; -0.0017247; 24.1522009; 3.3326626
756.5648520; 167.2390695; 67.9045361; -2.1302992; -0.0017596; 24.4260971; 3.3702433
758.5610653; 168.9292534; 66.8418810; -2.1338471; -0.0017944; 24.6999933; 3.3185289
760.5572786; 170.6151890; 65.7734540; -2.1374596; -0.0018247; 24.9667509; 3.3390054
762.5534920; 172.2974949; 64.6987187; -2.1411319; -0.0018544; 25.2323084; 3.3278710
764.5497053; 173.9757725; 63.6177887; -2.1448610; -0.0018791; 25.4942281; 3.3099763
766.5459186; 175.6498748; 62.5306431; -2.1486308; -0.0018981; 25.7520971; 3.3350487
768.5421320; 177.3201241; 61.4369793; -2.1524395; -0.0019166; 26.0093337; 3.2829667
770.5383453; 178.9857855; 60.3371963; -2.1562764; -0.0019280; 26.2600923; 3.3144663
772.5345586; 180.6475192; 59.2307996; -2.1601369; -0.0019395; 26.5108508; 3.2815084
774.5307720; 182.3047596; 58.1181065; -2.1640254; -0.0019588; 26.7568008; 3.2844082
776.5269853; 183.9577109; 56.9988916; -2.1679579; -0.0019812; 27.0007250; 3.0398512
778.5231986; 185.6062947; 55.8730984; -2.1719371; -0.0020086; 27.2245392; 2.4701993
780.5194119; 187.2501832; 54.7408161; -2.1759840; -0.0020462; 27.4050656; 2.4865251
782.5156253; 188.8896704; 53.6016632; -2.1801068; -0.0020840; 27.5855921; 0.3429885
784.5118386; 190.5241367; 52.4558949; -2.1842944; -0.0021112; 27.6104011; 0.1809376
786.5080519; 192.1539330; 51.3031265; -2.1885352; -0.0021376; 27.6234797; -1.3705621
788.5042653; 193.7787458; 50.1434536; -2.1928186; -0.0021451; 27.5242577; -2.6675776
790.5004786; 195.3985548; 48.9768531; -2.1970922; -0.0021367; 27.3301052; -3.0458232
792.4966919; 197.0134877; 47.8032710; -2.2013480; -0.0021198; 27.1067229; -5.1901203
794.4929053; 198.6232877; 46.6230052; -2.2055159; -0.0020562; 26.7217748; -5.1158873
796.4891186; 200.2283729; 45.4360355; -2.2095574; -0.0019928; 26.3368268; -6.1165871
798.4853319; 201.8286260; 44.2427862; -2.2134350; -0.0018808; 25.8690630; -6.3324852
800.4815452; 203.4244383; 43.0435002; -2.2170627; -0.0017538; 25.3757057; -6.4053474
802.4777586; 205.0160689; 41.8386145; -2.2204363; -0.0016249; 24.8667159; -6.5944243
804.4739719; 206.6037295; 40.6286139; -2.2235483; -0.0014930; 24.3315804; -6.4509677
806.4701852; 208.1878475; 39.4138327; -2.2263972; -0.0013612; 23.7964448; -6.6958240
808.4663986; 209.7689277; 38.1944977; -2.2290386; -0.0012857; 23.2279616; -6.5400669
810.4626119; 211.3464506; 36.9714352; -2.2315318; -0.0012126; 22.6589378; -6.5859710
812.4588252; 212.9216028; 35.7440788; -2.2339102; -0.0011896; 22.0711000; -6.5509741
814.4550386; 214.4935378; 34.5132122; -2.2362968; -0.0012014; 21.4704256; -6.4566452
816.4512519; 216.0618490; 33.2791047; -2.2387040; -0.0011994; 20.8614834; -6.5888617
818.4474652; 217.6289771; 32.0398693; -2.2410424; -0.0011416; 20.2211756; -6.3834758
820.4436785; 219.1906105; 30.7991838; -2.2432627; -0.0010850; 19.5808678; -6.3676220
822.4398919; 220.7527144; 29.5528792; -2.2449735; -0.0005445; 18.9205740; -6.1865841
824.4361052; 222.3113006; 28.3066098; -2.2454171; 0.0001014; 18.2561945; -5.8386224
826.4323185; 223.8709122; 27.0601247; -2.2443533; 0.0012077; 17.6062025; -5.4853298
828.4285319; 225.4344912; 25.8167768; -2.2402961; 0.0028597; 16.9728781; -5.2178747
830.4247452; 227.0015014; 24.5852396; -2.2329233; 0.0045479; 16.3476790; -4.5052104
832.4209585; 228.5848710; 23.3639731; -2.2220862; 0.0062955; 15.7879665; -4.3482742
834.4171718; 230.1784356; 22.1664829; -2.2077825; 0.0080583; 15.2282540; -3.6820300
836.4133852; 231.7873382; 20.9979276; -2.1891412; 0.0109133; 14.7376892; -3.4184078
838.4095985; 233.4263567; 19.8609563; -2.1644668; 0.0137435; 14.2671561; -3.0385060
840.4058118; 235.0890933; 18.7735643; -2.1344437; 0.0168712; 13.8354880; -2.6113885
842.4020252; 236.7837962; 17.7445543; -2.0973700; 0.0203816; 13.4534365; -2.5289428
844.3982385; 238.5558368; 16.7650335; -2.0532589; 0.0229564; 13.0728089; -2.0676504
846.3944518; 240.2958979; 15.9018670; -2.0096713; 0.0218355; 12.7531718; -2.0164696
848.3906652; 242.1321683; 15.0874581; -1.9673461; 0.0202468; 12.4335347; -1.9452248
850.3868785; 244.0136687; 14.3437392; -1.9264575; 0.0226017; 12.1172033; -1.8690450
852.3830918; 245.9003747; 13.6968235; -1.8728699; 0.0313557; 11.8052781; -1.8203040
854.3793051; 247.8396371; 13.1661310; -1.7993068; 0.0422678; 11.4933529; -2.0008916
856.3755185; 250.0729174; 12.7616719; -1.7046331; 0.0350727; 11.1404106; -2.0675258
858.3717318; 252.1458989; 12.5543216; -1.6372536; 0.0330333; 10.7635637; -1.6990190
860.3679451; 253.4992929; 12.4524958; -1; 3.8634938; 10.4437108; 0.3697262