# s_m; x_m; y_m; psi_rad; kappa_radpm; vx_mps; ax_mps2
0.0000000; 209.7936505; 7.1751439; -1.7508483; 0.0359789; 16.2675405; -1.1963368
3.1959763; 212.9611843; 6.7815900; -1.6385027; 0.0348616; 16.0307812; -1.2106423
6.3919526; 216.1574235; 6.7417189; -1.5280250; 0.0348362; 15.7875767; -1.2366016
9.5879289; 219.3354643; 7.0551138; -1.4167161; 0.0353187; 15.5352271; -1.3422858
12.7839052; 222.4602854; 7.7240578; -1.3025633; 0.0364041; 15.2565872; -1.5735614
15.9798815; 225.4873751; 8.7517037; -1.1836726; 0.0380501; 14.9233147; -1.9268463
19.1758578; 228.3649692; 10.1390394; -1.0581449; 0.0404888; 14.5047927; -2.2752620
22.3718342; 231.0341554; 11.8838842; -0.9236195; 0.0437648; 13.9944863; -2.3849100
25.5678105; 233.4251827; 13.9794515; -0.7743685; 0.0507996; 13.4388026; -2.3770289
28.7637868; 235.4475950; 16.4283114; -0.6015464; 0.0589784; 12.8610870; -2.3336525
31.9597631; 236.9931908; 19.2241733; -0.4095890; 0.0578970; 12.2674758; -2.3632036
35.1557394; 237.9951213; 22.2759631; -0.2248714; 0.0575293; 11.6355265; -2.5055762
38.3517157; 238.4138438; 25.4484372; -0.0353285; 0.0615987; 10.9256557; -2.9043105
41.5476920; 238.1989262; 28.6330956; 0.1755149; 0.0717566; 10.0402060; -1.7437356
44.7436683; 237.2629111; 31.6938242; 0.4243945; 0.0843656; 9.4688891; -1.0347288
47.9396446; 235.5402692; 34.3888462; 0.7210313; 0.1006232; 9.1129536; -0.8142993
51.1356209; 233.0286503; 36.4018431; 1.0716136; 0.1071089; 8.8227525; -0.8551577
54.3315972; 229.9838062; 37.3926906; 1.4467229; 0.1095118; 8.5073400; 1.5175936
57.5275735; 226.9223819; 37.3809255; 1.6550895; 0.0294484; 9.0595375; 2.2802272
60.7235499; 223.8175039; 36.8092823; 1.8670177; 0.0661241; 9.8310897; 2.8712646
63.9195262; 220.8441191; 35.5808219; 2.0430838; 0.0375890; 10.7239597; 4.0964581
67.1155025; 218.0489506; 33.9947758; 2.1147334; 0.0073853; 11.8822421; 2.1497417
70.3114788; 215.2948656; 32.3377115; 2.0967047; -0.0178608; 12.4470368; -2.7084803
73.5074551; 212.4558437; 30.8445899; 1.9999822; -0.0425065; 11.7309952; -4.4021643
76.7034314; 209.4458814; 29.7593331; 1.8181729; -0.0697109; 10.4631650; -3.8540635
79.8994077; 206.2638288; 29.3710132; 1.5503724; -0.0935424; 9.2110168; -1.8884997
83.0953840; 203.0613266; 29.9454785; 1.2267356; -0.0981266; 8.5306289; -0.9176480
86.2913603; 200.3348898; 31.1585563; 1.1313342; -0.1293686; 8.1796129; -0.4857186
89.4873366; 198.0507774; 33.2608965; 0.5810390; -0.1107132; 7.9875764; 0.3101732
92.6833129; 196.7570803; 36.3061693; 0.2223553; -0.0993279; 8.1107330; 1.2157910
95.8792892; 196.4997244; 39.5042442; -0.0485820; -0.0746542; 8.5764368; 1.4640536
99.0752655; 197.0264326; 42.6649134; -0.2800918; -0.0718436; 9.1056811; 1.5220220
102.2712419; 198.2692845; 45.6154001; -0.5200045; -0.0769033; 9.6250777; 1.7383561
105.4672182; 200.1776920; 48.1639842; -0.7631201; -0.0730805; 10.1859516; 2.1651113
108.6631945; 202.6295237; 50.2066582; -0.9840047; -0.0628206; 10.8440260; 2.7808006
111.8591708; 205.4349305; 51.7231371; -1.1578530; -0.0465210; 11.6347602; 3.4544588
115.0551471; 208.4271777; 52.8105970; -1.2781996; -0.0306611; 12.5478437; 4.0376055
118.2511234; 211.5088551; 53.6013199; -1.3556146; -0.0198427; 13.5372288; 4.4524086
121.4470997; 214.6420935; 54.1948848; -1.4090223; -0.0145526; 14.5504690; 4.7222485
124.6430760; 217.8087714; 54.6416519; -1.4508964; -0.0118293; 15.5531520; 4.8919241
127.8390523; 220.9857587; 54.9672178; -1.4853973; -0.0098264; 16.5278397; 5.0003020
131.0350286; 224.1724505; 55.1928212; -1.5139272; -0.0080939; 17.4680044; 5.0660547
134.2310049; 227.3662648; 55.3359383; -1.5373142; -0.0065992; 18.3715312; 5.1000114
137.4269812; 230.5633622; 55.4115229; -1.5563458; -0.0053628; 19.2383001; 5.1016229
140.6229576; 233.7599975; 55.4319758; -1.5719659; -0.0044514; 20.0679227; 5.0613320
143.8189339; 236.9553573; 55.4067148; -1.5850867; -0.0037908; 20.8584112; 5.0464806
147.0149102; 240.1523661; 55.3428334; -1.5960827; -0.0030892; 21.6178209; 5.0642123
150.2108865; 243.3501597; 55.2476189; -1.6045127; -0.0021304; 22.3539792; 5.1097385
153.4068628; 246.5456236; 55.1295183; -1.6111418; -0.0023156; 23.0729624; 5.1606245
156.6028391; 249.7383533; 54.9880725; -1.6191078; -0.0025632; 23.7770490; 5.2072740
159.7988154; 252.9296029; 54.8205254; -1.6274351; -0.0026439; 24.4669718; 5.2474852
162.9947917; 256.1191373; 54.6260389; -1.6359993; -0.0027176; 25.1430783; 5.2803560
166.1907680; 259.3067663; 54.4038718; -1.6448036; -0.0027952; 25.8055454; 5.3050715
169.3867443; 262.4922046; 54.1532544; -1.6538601; -0.0028742; 26.4544124; 5.3208807
172.5827206; 265.6751480; 53.8734131; -1.6631544; -0.0029396; 27.0896060; 5.3270762
175.7786969; 268.8552798; 53.5636931; -1.6726485; -0.0030086; 27.7109576; 5.3231972
178.9746732; 272.0322783; 53.2235199; -1.6822454; -0.0029578; 28.3182414; 5.3130519
182.1706496; 275.2059820; 52.8536543; -1.6911044; -0.0024779; 28.9116512; 5.0302325
185.3666259; 278.3767906; 52.4590410; -1.6975471; -0.0014509; 29.4624606; 3.4685480
188.5626022; 281.5459167; 52.0500478; -1.6999218; 0.0000397; 29.8363432; 1.3584817
191.7585785; 284.7152608; 51.6417349; -1.6969137; 0.0018971; 29.9815064; 0.1735320
194.9545548; 287.8870295; 51.2525644; -1.6878724; 0.0037419; 29.9999989; -0.0000065
198.1505311; 291.0635735; 50.9008722; -1.6734995; 0.0051907; 29.9999982; -0.0000022
201.3465074; 294.2462032; 50.6020025; -1.6545470; 0.0066974; 29.9999980; -0.0000007
204.5424837; 297.4343637; 50.3706176; -1.6314859; 0.0076303; 29.9999979; -0.0000006
207.7384600; 300.6270650; 50.2167680; -1.6061180; 0.0082072; 29.9999979; -0.0000003
210.9344363; 303.8226396; 50.1464879; -1.5792878; 0.0085470; 29.9999978; -0.0000002
214.1304126; 307.0187980; 50.1633127; -1.5517264; 0.0086672; 29.9999978; -0.0000001
217.3263889; 310.2129897; 50.2684912; -1.5240761; 0.0086061; 29.9999978; 0.0000108
220.5223653; 313.4028768; 50.4610753; -1.4971663; 0.0081730; 29.9999989; -0.0000045
223.7183416; 316.5861341; 50.7375327; -1.4710991; 0.0082285; 29.9999985; -1.0620665
226.9143179; 319.7600467; 51.0971797; -1.4449006; 0.0081049; 29.8866396; -3.6783909
230.1102942; 322.9246215; 51.5362020; -1.4224315; 0.0056401; 29.4906617; -6.8370348
233.3062705; 326.0821482; 52.0340173; -1.4071303; 0.0041636; 28.7401657; -9.2536854
236.5022468; 329.2336962; 52.5737042; -1.3960508; 0.0027238; 27.6920207; -10.2253177
239.6982231; 332.3810418; 53.1408533; -1.3898126; 0.0011570; 26.4856237; -10.6151711
242.8941994; 335.5264591; 53.7202951; -1.3879236; 0.0001542; 25.1721392; -10.6559396
246.0901757; 338.6717236; 54.3014053; -1.3886702; -0.0006046; 23.7807555; -10.6505290
249.2861520; 341.8149184; 54.8752425; -1.3925177; -0.0019463; 22.3035121; -10.6202725
252.4821283; 344.9567592; 55.4323136; -1.3968632; -0.0000224; 20.7258866; -10.4667859
255.6781046; 348.1004173; 55.9861053; -1.3961761; -0.0000484; 19.0436125; -10.1874284
258.8740809; 351.2465477; 56.5423525; -1.3946131; 0.0012719; 17.2493946; -9.2865254
262.0700573; 354.3858929; 57.1118713; -1.3866899; 0.0037039; 15.4331651; -7.7913757
265.2660336; 357.5104333; 57.7359755; -1.3507559; 0.0203414; 13.7251769; -5.9685881
268.4620099; 360.5933006; 58.5642406; -1.2545632; 0.0408296; 12.2568164; -4.5005258
271.6579862; 363.5519621; 59.7892252; -1.0908448; 0.0618030; 11.0209982; -4.2070562
274.8539625; 366.2173278; 61.5803273; -0.8568173; 0.0815711; 9.7247672; -3.6161544
278.0499388; 368.3096500; 64.0081834; -0.5508428; 0.1036936; 8.4532130; -0.7206421
281.2459151; 369.4967256; 66.9783467; -0.1966145; 0.1196168; 8.1762155; -0.7616050
284.4418914; 369.6347347; 70.1679753; 0.0572463; -0.0070474; 7.8728874; -0.4590477
287.6378677; 369.2072873; 73.2112417; 0.3791611; 0.1420334; 7.6842791; 1.1635464
290.8338440; 367.5389688; 75.9491895; 0.7001298; 0.1031682; 8.1538628; 1.7132201
294.0298203; 365.0799970; 78.0404663; 1.0121233; 0.0750338; 8.7997898; 1.9967281
297.2257966; 362.2189098; 79.4454132; 1.2090262; 0.0567382; 9.4973307; 2.6594445
300.4217730; 359.1613474; 80.3167761; 1.3698985; 0.0429692; 10.3536628; 3.5530711
303.6177493; 356.0000990; 80.7658861; 1.4815725; 0.0282999; 11.3977803; 4.3530544
306.8137256; 352.8077958; 80.9263841; 1.5537826; 0.0176455; 12.5592163; 5.0053845
310.0097019; 349.6120907; 80.9056688; 1.5965284; 0.0100276; 13.7741822; 5.4515330
313.2056782; 346.4195011; 80.7806004; 1.6210782; 0.0060453; 14.9857944; 5.6536296
316.4016545; 343.2305730; 80.5919137; 1.6379752; 0.0047851; 16.1465714; 5.6753738
319.5976308; 340.0449226; 80.3537252; 1.6526606; 0.0043677; 17.2333539; 5.6803894
322.7936071; 336.8628827; 80.0712673; 1.6657076; 0.0038421; 18.2564309; 5.6663578
325.9895834; 333.6846471; 79.7497120; 1.6772977; 0.0033600; 19.2228083; 5.6341546
329.1855597; 330.5100913; 79.3942514; 1.6869020; 0.0025761; 20.1377657; 5.5848966
332.3815360; 327.3385716; 79.0128608; 1.6934883; 0.0015131; 21.0054279; 5.5182046
335.5775123; 324.1689512; 78.6161954; 1.6964903; 0.0003637; 21.8288824; 5.4342931
338.7734886; 320.9996489; 78.2157785; 1.6958809; -0.0007120; 22.6105252; 5.3353875
341.9694650; 317.8297275; 77.8224369; 1.6922184; -0.0014558; 23.3525029; 5.2246040
345.1654413; 314.6572222; 77.4436830; 1.6865962; -0.0022844; 24.0569078; 4.9525281
348.3614176; 311.4798835; 77.0880831; 1.6771705; -0.0036773; 24.7060952; 4.4054362
351.5573939; 308.2978550; 76.7698552; 1.6629444; -0.0052469; 25.2695564; 3.2273348
354.7533702; 305.1110429; 76.5051000; 1.6435638; -0.0068565; 25.6744903; 0.7248992
357.9493465; 301.9193832; 76.3102624; 1.6191414; -0.0083918; 25.7645681; -2.2448098
361.1453228; 298.7241517; 76.2010637; 1.5899976; -0.0098402; 25.4845886; -4.2693655
364.3412991; 295.5278681; 76.1924028; 1.5562280; -0.0113030; 24.9434294; -4.2274711
367.5372754; 292.3343538; 76.2990183; 1.5178422; -0.0127631; 24.3957553; -3.9895119
370.7332517; 289.1462865; 76.5353691; 1.4750653; -0.0140479; 23.8673858; -3.8451209
373.9292280; 285.9715436; 76.9142950; 1.4283353; -0.0152084; 23.3468258; -3.7673123
377.1252043; 282.8188791; 77.4468538; 1.3780309; -0.0162633; 22.8252885; -3.7314298
380.3211807; 279.6985159; 78.1422713; 1.3245351; -0.0171868; 22.2966964; -3.7228158
383.5171570; 276.6218727; 79.0075626; 1.2683625; -0.0179286; 21.7565303; -3.7296105
386.7131333; 273.6012099; 80.0470163; 1.2100897; -0.0185102; 21.2015829; -3.7368333
389.9091096; 270.6486112; 81.2625921; 1.1501376; -0.0190053; 20.6305951; -3.7246660
393.1050859; 267.7764060; 82.6572481; 1.0862718; -0.0209547; 20.0452879; -3.6364904
396.3010622; 265.0017937; 84.2402613; 1.0180571; -0.0216941; 19.4568572; -3.1890282
399.4970385; 262.3447423; 86.0127276; 0.9460809; -0.0234046; 18.9257807; -2.2717978
402.6930148; 259.8274902; 87.9792212; 0.8681755; -0.0251978; 18.5381755; -1.4719040
405.8889911; 257.4758130; 90.1419030; 0.7857116; -0.0262678; 18.2826587; -1.1909183
409.0849674; 255.3133170; 92.4944578; 0.7005822; -0.0269369; 18.0732763; -1.2045881
412.2809437; 253.3610600; 95.0245392; 0.6135074; -0.0274969; 17.8589935; -1.1480822
415.4769200; 251.6385585; 97.7164169; 0.5246574; -0.0280762; 17.6523415; -0.4194244
418.6728963; 250.1643294; 100.5517826; 0.4341430; -0.0284005; 17.5762402; 0.2081928
421.8688727; 248.9533117; 103.5089721; 0.3432533; -0.0283881; 17.6140563; 0.2244118
425.0648490; 248.0154794; 106.5635113; 0.2525624; -0.0283563; 17.6547276; 0.2017638
428.2608253; 247.3584481; 109.6901811; 0.1614736; -0.0287356; 17.6912146; 1.2397657
431.4568016; 246.9870456; 112.8631565; 0.0734988; -0.0255694; 17.9137823; 2.1482683
434.6527779; 246.8763840; 116.0558083; -0.0022483; -0.0218450; 18.2930376; 1.9247703
437.8487542; 246.9945620; 119.2487752; -0.0720347; -0.0221000; 18.6262789; 1.5822504
441.0447305; 247.3408941; 122.4244219; -0.1464438; -0.0242972; 18.8958179; 1.5085278
444.2407068; 247.9290219; 125.5631842; -0.2238131; -0.0238348; 19.1492656; 1.6703556
447.4366831; 248.7520398; 128.6507935; -0.2958525; -0.0213220; 19.4260446; 2.0212870
450.6326594; 249.7841582; 131.6763994; -0.3605659; -0.0192209; 19.7557885; 2.5308299
453.8286357; 250.9979757; 134.6335867; -0.4167409; -0.0160617; 20.1610546; 3.2068379
457.0246120; 252.3595802; 137.5237428; -0.4617612; -0.0122175; 20.6631575; 3.9777444
460.2205884; 253.8324316; 140.3605325; -0.4935334; -0.0076361; 21.2695001; 1.4654448
463.4165647; 255.3743532; 143.1618600; -0.5101517; -0.0026997; 21.4885711; -2.9004305
466.6125410; 256.9403923; 145.9506797; -0.5102380; 0.0027658; 21.0527735; -6.6106393
469.8085173; 258.4815812; 148.7535227; -0.4921466; 0.0086022; 20.0240950; -6.7925172
473.0044936; 259.9449450; 151.5972986; -0.4554244; 0.0141985; 18.9089114; -5.8314894
476.2004699; 261.2770886; 154.5037491; -0.4012992; 0.0195579; 17.8961540; -4.9871777
479.3964462; 262.4240143; 157.4861817; -0.3301475; 0.0248878; 16.9821825; -4.2127385
482.5924225; 263.3295785; 160.5478426; -0.2423509; 0.0299306; 16.1699381; -3.5769841
485.7883988; 263.9377944; 163.6790884; -0.1384747; 0.0351917; 15.4467791; -3.1406401
488.9843751; 264.1902434; 166.8575901; -0.0167558; 0.0409553; 14.7826981; -2.8636812
492.1803514; 264.0319394; 170.0474312; 0.1164959; 0.0423057; 14.1500406; -2.7132635
495.3763277; 263.4422500; 173.1876473; 0.2567742; 0.0460722; 13.5233353; -2.6635700
498.5723040; 262.4001576; 176.2066134; 0.4103918; 0.0505802; 12.8784775; -2.2379386
501.7682804; 260.8859576; 179.0205664; 0.5800025; 0.0558359; 12.3105802; -0.4930816
504.9642567; 258.8984026; 181.5261449; 0.7628432; 0.0579762; 12.1818977; 0.4565098
508.1602330; 256.4864180; 183.6245990; 0.9473632; 0.0595939; 12.3010821; 0.8468906
511.3562093; 253.7398227; 185.2183837; 1.1418584; 0.0570936; 12.5191815; 2.3964337
514.5521856; 250.7511637; 186.3071642; 1.2905979; 0.0372340; 13.1166991; 2.8511158
517.7481619; 247.6308709; 187.0218263; 1.3993862; 0.0330871; 13.7939114; 3.0291197
520.9441382; 244.4566849; 187.4108889; 1.4948065; 0.0267254; 14.4787424; 3.5474370
524.1401145; 241.2636615; 187.5326662; 1.5661919; 0.0184453; 15.2416873; 4.2640406
527.3360908; 238.0684874; 187.4693164; 1.6103802; 0.0096538; 16.1110079; 4.4284181
530.5320671; 234.8795431; 187.3086972; 1.6273527; 0.0012024; 16.9667562; -0.5262885
533.7280434; 231.6886431; 187.1368659; 1.6170404; -0.0076837; 16.8673295; -4.8945852
536.9240197; 228.4885117; 187.0452701; 1.5758288; -0.0186283; 15.9129145; -5.0750249
540.1199961; 225.2838678; 187.1449039; 1.4977710; -0.0298423; 14.8587190; -4.2884863
543.3159724; 222.1022953; 187.5526881; 1.3827776; -0.0415114; 13.9057444; -3.8027988
546.5119487; 219.0017713; 188.3843397; 1.2290995; -0.0520776; 13.0024005; -3.5787582
549.7079250; 216.0881672; 189.7226602; 1.0501666; -0.0538678; 12.0907884; -3.6686945
552.9039013; 213.4903862; 191.4905436; 0.9119635; -0.0208839; 11.0786752; -3.1757206
556.0998776; 211.1878299; 193.5904362; 0.7169601; -0.0844669; 10.1211653; -0.2598618
559.2958539; 209.4451334; 196.2696001; 0.4396741; -0.0806433; 10.0387730; 0.9267413
562.4918302; 208.4582830; 199.3268793; 0.1897243; -0.0708444; 10.3296007; 1.4116472
565.6878065; 208.1958749; 202.5235104; -0.0208072; -0.0607864; 10.7575012; 1.2984873
568.8837828; 208.5640022; 205.7075743; -0.2069496; -0.0556619; 11.1365929; 1.2628854
572.0797591; 209.4906253; 208.7657851; -0.3805994; -0.0538200; 11.4933026; 1.3035038
575.2757354; 210.9260467; 211.6212864; -0.5510058; -0.0538957; 11.8502295; 1.4543902
578.4717117; 212.8385312; 214.1982339; -0.7273597; -0.0572338; 12.2361895; 1.7462163
581.6676881; 215.1730155; 216.3765603; -0.9094681; -0.0524906; 12.6840871; 2.2013867
584.8636644; 217.8211232; 218.1280883; -1.0561515; -0.0377267; 13.2271397; 2.8094824
588.0596407; 220.6755400; 219.5417829; -1.1614097; -0.0286834; 13.8893953; 3.4393770
591.2556170; 223.6509832; 220.6831267; -1.2447425; -0.0234225; 14.6594556; 3.9368839
594.4515933; 226.7098533; 221.5996317; -1.3122084; -0.0187421; 15.4939993; 4.3369057
597.6475696; 229.8235885; 222.3322472; -1.3648738; -0.0142150; 16.3641471; 4.6627327
600.8435459; 232.9700109; 222.9224638; -1.4037247; -0.0101307; 17.2507761; 4.9370055
604.0395222; 236.1338887; 223.4099526; -1.4300985; -0.0062089; 18.1423918; 5.1721420
607.2354985; 239.3032112; 223.8346624; -1.4429537; -0.0027552; 19.0317227; 5.3443856
610.4314748; 242.4738400; 224.2267274; -1.4529519; -0.0033948; 19.9089811; 5.4049258
613.6274511; 245.6491133; 224.5850463; -1.4639401; -0.0034632; 20.7585057; 5.4025419
616.8234274; 248.8281183; 224.9083232; -1.4749433; -0.0034199; 21.5742520; 5.3926917
620.0194038; 252.0105208; 225.1968623; -1.4857762; -0.0033598; 22.3588501; 5.3738136
623.2153801; 255.1958672; 225.4512166; -1.4964156; -0.0032866; 23.1142238; 5.3464395
626.4113564; 258.3837108; 225.6721778; -1.5066852; -0.0031049; 23.8420118; 5.3122307
629.6073327; 261.5737281; 225.8617284; -1.5159948; -0.0026827; 24.5437784; 5.2729432
632.8033090; 264.7656675; 226.0241768; -1.5235618; -0.0020400; 25.2210519; 5.2326289
635.9992853; 267.9588128; 226.1658995; -1.5289519; -0.0013603; 25.8756290; 5.1962914
639.1952616; 271.1524734; 226.2935431; -1.5324764; -0.0008604; 26.5096704; 5.1638196
642.3912379; 274.3464737; 226.4122796; -1.5345914; -0.0004757; 27.1250717; 5.1356667
645.5872142; 277.5406052; 226.5260330; -1.5356532; -0.0001970; 27.7235721; 5.1119556
648.7831905; 280.7347609; 226.6376675; -1.5359624; -0.0000017; 28.3067453; 5.0928136
651.9791668; 283.9288613; 226.7491916; -1.5357571; 0.0001274; 28.8760256; 5.0309724
655.1751431; 287.1228601; 226.8619375; -1.5352242; 0.0002051; 29.4275821; 3.7101787
658.3711195; 290.3167335; 226.9767213; -1.5344982; 0.0002491; 29.8278038; 1.6115963
661.5670958; 293.5104763; 227.0940107; -1.5336658; 0.0002720; 29.9999854; 0.0001304
664.7630721; 296.7042616; 227.2140449; -1.5327939; 0.0002738; 29.9999993; 0.0000019
667.9590484; 299.8979542; 227.3368235; -1.5319638; 0.0002453; 29.9999995; -0.2398589
671.1550247; 303.0915105; 227.4620675; -1.5312614; 0.0001936; 29.9744358; -2.7848549
674.3510010; 306.2849085; 227.5892941; -1.5307173; 0.0001467; 29.6760197; -6.4344435
677.5469773; 309.4781935; 227.7179635; -1.5303739; 0.0000668; 28.9747733; -9.8240334
680.7429536; 312.6718631; 227.8470577; -1.5305496; -0.0001692; 27.8701046; -11.2328450
683.9389299; 315.8650176; 227.9750253; -1.5308565; -0.0000322; 26.5507611; -11.1356643
687.1349062; 319.0573849; 228.1023487; -1.5310359; -0.0000760; 25.1746753; -10.9431493
690.3308825; 322.2491770; 228.2289324; -1.5312786; -0.0000665; 23.7448139; -10.6676958
693.5268588; 325.4407189; 228.3549194; -1.5313569; 0.0000381; 22.2627218; -10.3248863
696.7228351; 328.6328152; 228.4814835; -1.5308566; 0.0002654; 20.7275806; -9.9319998
699.9188115; 331.8259657; 228.6107459; -1.5296999; 0.0006029; 19.1349869; -9.4948452
703.1147878; 335.0216196; 228.7478357; -1.5254150; 0.0016817; 17.4773317; -8.7224162
706.3107641; 338.2138888; 228.8926161; -1.5281171; -0.0031764; 15.8020205; -7.4347551
709.5067404; 341.4077985; 228.9911924; -1.5592771; -0.0168259; 14.2190453; -5.9420234
712.7027167; 344.6157338; 228.9147395; -1.6390385; -0.0337581; 12.8140594; -4.6670813
715.8986930; 347.7974998; 228.4874728; -1.7808933; -0.0554525; 11.5917365; -4.2888291
719.0946693; 350.8536043; 227.4942508; -2.0019362; -0.0804123; 10.3418743; -3.3443557
722.2906456; 353.5508053; 225.7313507; -2.3024817; -0.0900632; 9.2508054; -1.3061688
725.4866219; 355.5756738; 223.4083101; -2.4839335; 0.0003374; 8.7879708; 1.7481603
728.6825982; 357.0863017; 220.7259988; -2.7884589; -0.0840849; 9.4022651; 2.6639036
731.8785745; 357.8300525; 217.5475535; -3.0115289; -0.0434222; 10.2679177; 3.7372900
735.0745508; 358.0846688; 214.2906471; -3.0982083; -0.0103855; 11.3718387; 3.3102317
738.2705272; 358.2319341; 211.0454293; -3.0759724; 0.0222804; 12.2669295; -1.6410108
741.4665035; 358.6304892; 207.8886461; -2.9286952; 0.0660312; 11.8316650; -4.6430001
744.6624798; 359.5799900; 204.9282986; -2.7304507; 0.0652813; 10.5028786; -1.1544483
747.8584561; 361.1688393; 202.1636230; -2.4987498; 0.0800110; 10.1455055; -0.5044721
751.0544324; 363.3967135; 199.8802673; -2.2336888; 0.0849163; 9.9853252; 1.6502436
754.2504087; 366.1441998; 198.2504737; -1.9850777; 0.0724434; 10.5002380; 1.4637766
757.4463850; 369.1923855; 197.2970338; -1.7664080; 0.0656563; 10.9366992; 1.3650587
760.6423613; 372.3651682; 196.9946594; -1.5688647; 0.0589055; 11.3285824; 1.3406805
763.8383376; 375.5441245; 197.2927742; -1.3882696; 0.0543888; 11.7006985; 1.3628905
767.0343139; 378.6269792; 198.1394011; -1.2190995; 0.0512421; 12.0672233; 1.4232079
770.2302902; 381.5318867; 199.4814666; -1.0579230; 0.0494207; 12.4384466; 1.5060720
773.4262665; 384.1865568; 201.2662051; -0.9001201; 0.0487203; 12.8195825; 1.5863968
776.6222428; 386.5264984; 203.4372991; -0.7460708; 0.0471376; 13.2091585; 1.6271161
779.8182192; 388.5154582; 205.9298211; -0.6035290; 0.0427017; 13.5971437; 1.5999057
783.0141955; 390.1463411; 208.6723204; -0.4706930; 0.0405365; 13.9681366; 1.5182421
786.2101718; 391.4097202; 211.6043123; -0.3439703; 0.0388505; 14.3113022; 1.4171724
789.4061481; 392.3001560; 214.6714040; -0.2218139; 0.0376064; 14.6243588; 1.3275606
792.6021244; 392.8163395; 217.8237658; -0.1033670; 0.0365348; 14.9116590; 1.2640975
795.7981007; 392.9617066; 221.0150007; 0.0117658; 0.0354678; 15.1801721; 1.2267140
798.9940770; 392.7449567; 224.2010561; 0.1239386; 0.0352320; 15.4362794; 1.2068378
802.1900533; 392.1728737; 227.3373554; 0.2370735; 0.0354337; 15.6841568; 1.1883835
805.3860296; 391.2531180; 230.3904753; 0.3469943; 0.0333146; 15.9244738; 1.1668443
808.5820059; 390.0115805; 233.3343223; 0.4505447; 0.0319353; 16.1569576; 1.1515118
811.7779822; 388.4757326; 236.1380172; 0.5511596; 0.0309512; 16.3831525; 1.1494166
814.9739585; 386.6704145; 238.7764315; 0.6483717; 0.0299195; 16.6058635; 1.1715043
818.1699349; 384.6216319; 241.2303733; 0.7423484; 0.0289274; 16.8298218; 1.2363367
821.3659112; 382.3554692; 243.4846792; 0.8331159; 0.0279648; 17.0629865; 1.3734727
824.5618875; 379.8982515; 245.5268645; 0.9212146; 0.0272301; 17.3183337; 1.6166463
827.7578638; 377.2747999; 247.3480650; 1.0057371; 0.0254059; 17.6141479; 1.9870127
830.9538401; 374.5109197; 248.9509494; 1.0835895; 0.0232004; 17.9710628; 2.4114862
834.1498164; 371.6369116; 250.3444021; 1.1537280; 0.0206617; 18.3949233; 2.8393893
837.3457927; 368.6773771; 251.5451310; 1.2156440; 0.0181142; 18.8818020; 3.2310648
840.5417690; 365.6528984; 252.5726775; 1.2696544; 0.0157350; 19.4210004; 3.5746255
843.7377453; 362.5798947; 253.4469430; 1.3164404; 0.0135895; 20.0006024; 3.8708583
846.9337216; 359.4711347; 254.1869492; 1.3567509; 0.0116745; 20.6098626; 4.1243715
850.1296979; 356.3363536; 254.8104011; 1.3912946; 0.0099735; 21.2398028; 4.3411185
853.3256742; 353.1828554; 255.3335190; 1.4207192; 0.0084661; 21.8832687; 4.5274116
856.5216505; 350.0160494; 255.7710009; 1.4456086; 0.0071332; 22.5347831; 4.6889569
859.7176269; 346.8399075; 256.1360488; 1.4664925; 0.0059579; 23.1902574; 4.8298109
862.9136032; 343.6573276; 256.4404302; 1.4838528; 0.0049364; 23.8465922; 4.9514526
866.1095795; 340.4703314; 256.6944384; 1.4981921; 0.0040250; 24.5012125; 5.0520458
869.3055558; 337.2808147; 256.9073975; 1.5095742; 0.0031164; 25.1515775; 5.1236551
872.5015321; 334.0902267; 257.0884510; 1.5182804; 0.0025399; 25.7944182; 5.1512930
875.6975084; 330.8982949; 257.2426964; 1.5268888; 0.0027813; 26.4249660; 5.1377642
878.8934847; 327.7048310; 257.3689096; 1.5356643; 0.0027183; 27.0392155; 5.1223271
882.0894610; 324.5104879; 257.4673292; 1.5443134; 0.0026929; 27.6380326; 5.1066640
885.2854373; 321.3153678; 257.5382641; 1.5528643; 0.0026471; 28.2223741; 5.0917458
888.4814136; 318.1197644; 257.5822625; 1.5611236; 0.0025029; 28.7932041; 4.9764569
891.6773899; 314.9238956; 257.6008842; 1.5686611; 0.0022108; 29.3403796; 3.9357277
894.8733662; 311.7279631; 257.5969600; 1.5752179; 0.0018962; 29.7660018; 1.9353451
898.0693426; 308.5321035; 257.5736079; 1.5808437; 0.0016262; 29.9730795; 0.2525759
901.2653189; 305.3364017; 257.5336099; 1.5856492; 0.0013782; 29.9999992; -0.0000074
904.4612952; 302.1409003; 257.4795942; 1.5895942; 0.0010892; 29.9999984; -0.0000039
907.6572715; 298.9456015; 257.4144891; 1.5925774; 0.0007786; 29.9999979; 0.0000000
910.8532478; 295.7504728; 257.3413962; 1.5946071; 0.0004930; 29.9999979; -0.0000000
914.0492241; 292.5554635; 257.2631948; 1.5958005; 0.0002548; 29.9999979; -0.0000000
917.2452004; 289.3605201; 257.1823050; 1.5963188; 0.0000700; 29.9999979; -0.0000000
920.4411767; 286.1655961; 257.1006153; 1.5963285; -0.0000639; 29.9999979; -0.0000000
923.6371530; 282.9706459; 257.0195015; 1.5959820; -0.0001530; 29.9999979; 0.0000000
926.8331293; 279.7756551; 256.9398879; 1.5954091; -0.0002053; 29.9999979; 0.0000000
930.0291056; 276.5806152; 256.8623238; 1.5947146; -0.0002289; 29.9999979; 0.0000000
933.2250819; 273.3855213; 256.7870626; 1.5939790; -0.0002310; 29.9999979; 0.0000000
936.4210582; 270.1903743; 256.7141366; 1.5932608; -0.0002181; 29.9999979; 0.0000000
939.6170346; 266.9951787; 256.6434231; 1.5925992; -0.0001956; 29.9999979; 0.0000000
942.8130109; 263.7999405; 256.5746993; 1.5920181; -0.0001678; 29.9999979; 0.0000000
946.0089872; 260.6046667; 256.5076869; 1.5915289; -0.0001382; 29.9999979; 0.0000000
949.2049635; 257.4093644; 256.4420865; 1.5911340; -0.0001090; 29.9999979; 0.0000000
952.4009398; 254.2140399; 256.3776021; 1.5908293; -0.0000819; 29.9999979; 0.0000000
955.5969161; 251.0186993; 256.3139582; 1.5906062; -0.0000579; 29.9999979; 0.0000000
958.7928924; 247.8233473; 256.2509108; 1.5904540; -0.0000376; 29.9999979; 0.0000000
961.9888687; 244.6279881; 256.1882524; 1.5903608; -0.0000210; 29.9999979; 0.0000000
965.1848450; 241.4326252; 256.1258136; 1.5903145; -0.0000082; 29.9999979; -0.0000000
968.3808213; 238.2372608; 256.0634626; 1.5903043; 0.0000016; 29.9999979; -0.0000000
971.5767976; 235.0418975; 256.0011002; 1.5903195; 0.0000076; 29.9999979; -0.0000000
974.7727739; 231.8465359; 255.9386475; 1.5903661; 0.0000225; 29.9999979; -0.0000000
977.9687503; 228.6511751; 255.8759877; 1.5904397; 0.0000218; 29.9999979; -0.0000000
981.1647266; 225.4558179; 255.8131104; 1.5904998; 0.0000154; 29.9999979; -0.0000000
984.3607029; 222.2604650; 255.7500675; 1.5905469; 0.0000148; 29.9999979; -0.0000000
987.5566792; 219.0651152; 255.6868752; 1.5905925; 0.0000136; 29.9999979; -0.0000000
990.7526555; 215.8697682; 255.6235447; 1.5906333; 0.0000120; 29.9999979; -0.0000000
993.9486318; 212.6744236; 255.5600923; 1.5906686; 0.0000101; 29.9999979; -0.0000000
997.1446081; 209.4790811; 255.4965369; 1.5906978; 0.0000082; 29.9999979; -0.0000000
1000.3405844; 206.2837404; 255.4328980; 1.5907209; 0.0000063; 29.9999979; -0.0000000
1003.5365607; 203.0884009; 255.3691948; 1.5907382; 0.0000045; 29.9999979; -0.0000000
1006.7325370; 199.8930625; 255.3054450; 1.5907501; 0.0000030; 29.9999979; -0.0000000
1009.9285133; 196.6977247; 255.2416647; 1.5907573; 0.0000016; 29.9999979; -0.0000000
1013.1244896; 193.5023873; 255.1778681; 1.5907604; 0.0000004; 29.9999979; -0.0000000
1016.3204659; 190.3070500; 255.1140673; 1.5907600; -0.0000006; 29.9999979; -0.0000000
1019.5164423; 187.1117127; 255.0502727; 1.5907567; -0.0000014; 29.9999979; -0.0000000
1022.7124186; 183.9163751; 254.9864927; 1.5907510; -0.0000021; 29.9999979; -0.0000000
1025.9083949; 180.7210371; 254.9227341; 1.5907434; -0.0000026; 29.9999979; -0.0000000
1029.1043712; 177.5256987; 254.8590021; 1.5907345; -0.0000029; 29.9999979; -0.0000000
1032.3003475; 174.3303598; 254.7952999; 1.5907248; -0.0000031; 29.9999979; 0.0000000
1035.4963238; 171.1350202; 254.7316291; 1.5907150; -0.0000030; 29.9999979; 0.0000000
1038.6923001; 167.9396802; 254.6679886; 1.5907059; -0.0000027; 29.9999979; 0.0000000
1041.8882764; 164.7443397; 254.6043749; 1.5906984; -0.0000020; 29.9999979; 0.0000000
1045.0842527; 161.5489989; 254.5407812; 1.5906936; -0.0000009; 29.9999979; 0.0000000
1048.2802290; 158.3536579; 254.4771966; 1.5906929; 0.0000006; 29.9999979; 0.0000000
1051.4762053; 155.1583172; 254.4136060; 1.5906977; 0.0000025; 29.9999979; 0.0000000
1054.6721816; 151.9629771; 254.3499889; 1.5907097; 0.0000051; 29.9999979; 0.0000000
1057.8681580; 148.7676381; 254.2863196; 1.5907307; 0.0000081; 29.9999979; 0.0000000
1061.0641343; 145.5723009; 254.2225669; 1.5907622; 0.0000117; 29.9999979; 0.0000000
1064.2601106; 142.3769662; 254.1586943; 1.5908059; 0.0000157; 29.9999979; 0.0000000
1067.4560869; 139.1816349; 254.0946615; 1.5908627; 0.0000199; 29.9999979; 0.0000000
1070.6520632; 135.9863077; 254.0304257; 1.5909329; 0.0000240; 29.9999979; 0.0000000
1073.8480395; 132.7909855; 253.9659448; 1.5910158; 0.0000277; 29.9999979; 0.0000000
1077.0440158; 129.5956692; 253.9011814; 1.5911091; 0.0000304; 29.9999979; 0.0000000
1080.2399921; 126.4003593; 253.8361084; 1.5912087; 0.0000315; 29.9999979; 0.0000000
1083.4359684; 123.2050560; 253.7707157; 1.5913079; 0.0000300; 29.9999979; 0.0000000
1086.6319447; 120.0097589; 253.7050188; 1.5913972; 0.0000250; 29.9999979; 0.0000000
1089.8279210; 116.8144671; 253.6390690; 1.5914637; 0.0000155; 29.9999979; 0.0000000
1093.0238973; 113.6191785; 253.5729642; 1.5914911; 0.0000002; 29.9999979; 0.0000000
1096.2198736; 110.4238897; 253.5068611; 1.5914589; -0.0000220; 29.9999979; 0.0000000
1099.4158500; 107.2285960; 253.4409871; 1.5913434; -0.0000522; 29.9999979; 0.0000000
1102.6118263; 104.0332910; 253.3756513; 1.5911173; -0.0000914; 29.9999979; 0.0000000
1105.8078026; 100.8379668; 253.3112532; 1.5907513; -0.0001399; 29.9999979; 0.0000000
1109.0037789; 97.6426136; 253.2482888; 1.5902151; -0.0001979; 29.9999979; 0.0000000
1112.1997552; 94.4472210; 253.1873492; 1.5894794; -0.0002644; 29.9999979; 0.0000000
1115.3957315; 91.2517776; 253.1291130; 1.5885196; -0.0003376; 29.9999979; 0.0000000
1118.5917078; 88.0562732; 253.0743259; 1.5873191; -0.0004141; 29.9999979; 0.0000000
1121.7876841; 84.8606992; 253.0237664; 1.5858748; -0.0004887; 29.9999979; 0.0000000
1124.9836604; 81.6650505; 252.9781934; 1.5842030; -0.0005544; 29.9999979; 0.0000000
1128.1796367; 78.4693267; 252.9382744; 1.5823459; -0.0006021; 29.9999979; 0.0000076
1131.3756130; 75.2735328; 252.9044927; 1.5803772; -0.0006215; 29.9999988; -0.0000095
1134.5715893; 72.0776790; 252.8770417; 1.5784061; -0.0005997; 29.9999977; -0.9884438
1137.7675657; 68.8817792; 252.8556989; 1.5765766; -0.0005363; 29.8945108; -3.6047940
1140.9635420; 65.6858479; 252.8398214; 1.5750018; -0.0004427; 29.5066112; -6.9360989
1144.1595183; 62.4898977; 252.8284542; 1.5737696; -0.0003200; 28.7455195; -9.6459107
1147.3554946; 59.2939379; 252.8203475; 1.5729706; -0.0001801; 27.6522818; -10.6799710
1150.5514709; 56.0979731; 252.8140938; 1.5725909; -0.0000782; 26.3890663; -10.5922222
1153.7474472; 52.9020067; 252.8086599; 1.5724364; -0.0000134; 25.0734488; -10.4848492
1156.9434235; 49.7060356; 252.8033925; 1.5724349; -0.0000581; 23.6993497; -10.2405850
1160.1393998; 46.5100402; 252.7990192; 1.5714324; -0.0010123; 22.2755885; -9.5147567
1163.3353761; 43.3140241; 252.8059464; 1.5642028; -0.0042208; 20.8658565; -8.1623539
1166.5313524; 40.1187276; 252.8573030; 1.5422800; -0.0098964; 19.5757654; -6.5228100
1169.7273287; 36.9275362; 253.0102542; 1.5000510; -0.0163838; 18.4801812; -5.1508688
1172.9233050; 33.7499801; 253.3292530; 1.4384667; -0.0218596; 17.5668150; -4.4503909
1176.1192813; 30.6032902; 253.8677350; 1.3621464; -0.0255322; 16.7375715; -4.8632075
1179.3152577; 27.5094773; 254.6594905; 1.2776232; -0.0266877; 15.7816636; -6.9761544
1182.5112340; 24.4890003; 255.7111581; 1.1966518; -0.0178992; 14.2992888; -8.9644937
1185.7072103; 21.5186034; 256.9084617; 1.1980081; 0.0188634; 12.1313248; -6.0260125
1188.9031866; 18.4893402; 257.9141564; 1.3256424; 0.0613692; 10.4235816; -0.8772667
1192.0991629; 15.3310680; 258.3515944; 1.5488679; 0.0764633; 10.1510397; -6.7857768
1195.2951392; 12.1794104; 257.9292423; 1.8974339; 0.1460196; 7.7245869; -7.0227553
1198.4911155; 9.5006833; 256.2487464; 2.3575880; 0.1399079; 3.8444927; -1.0496426
1201.6870918; 7.7455000; 253.5551487; 2.7409857; 0.0953566; 2.8409256; -0.3079139
1204.8830681; 6.9785027; 250.4910400; 3.0578524; 0.0968249; 2.4703617; -0.2869710
1208.0790444; 7.1832280; 247.3666875; -2.9062206; 0.1219719; 2.0660063; -0.2637662
1211.2750207; 8.5136469; 244.4668444; -2.5216382; 0.1200677; 1.6069851; 0.3130201
1214.4709970; 10.8461329; 242.2995739; -2.1279296; 0.1027040; 2.1408434; 1.5050439
1217.6669734; 13.7676962; 240.9976870; -1.8744720; 0.0608653; 3.7687371; 3.4192502
1220.8629497; 16.8954588; 240.2968620; -1.7211824; 0.0366962; 6.0049201; 4.2194185
1224.0589260; 20.0777014; 239.9810700; -1.6250033; 0.0239512; 7.9391050; 4.5514184
1227.2549023; 23.3014425; 239.9166248; -1.5601336; 0.0168975; 9.5980122; 5.2262882
1230.4508786; 26.4999726; 240.0267822; -1.5160487; 0.0101013; 11.2039290; 5.7359330
1233.6468549; 29.6669233; 240.2344773; -1.4993593; 0.0007903; 12.7354559; 5.9119487
1236.8428312; 32.8355354; 240.4500769; -1.5103626; -0.0069403; 14.1414544; 5.8264741
1240.0388075; 36.0228050; 240.6030574; -1.5345851; -0.0064144; 15.4020544; 5.6723914
1243.2347838; 39.2194899; 240.6894400; -1.5523990; -0.0051420; 16.5372590; 5.5444412
1246.4307601; 42.4163453; 240.7231202; -1.5677740; -0.0044908; 17.5761413; 5.4470904
1249.6267364; 45.6135021; 240.7106881; -1.5813735; -0.0040596; 18.5401803; 5.3774108
1252.8227127; 48.8102626; 240.6567069; -1.5938100; -0.0037272; 19.4450621; 5.3333925
1256.0186890; 52.0062563; 240.5646840; -1.6051316; -0.0033269; 20.3027395; 5.3136065
1259.2146654; 55.2014063; 240.4386690; -1.6150496; -0.0028657; 21.1226313; 5.3168159
1262.4106417; 58.3948408; 240.2834970; -1.6233083; -0.0022438; 21.9123342; 5.3322923
1265.6066180; 61.5857810; 240.1055643; -1.6292762; -0.0014662; 22.6767314; 5.3450561
1268.8025943; 64.7753208; 239.9126858; -1.6327249; -0.0007261; 23.4179310; 5.3487284
1271.9985706; 67.9644540; 239.7123592; -1.6340046; -0.0001011; 24.1368662; 3.2912558
1275.1945469; 71.1535040; 239.5108975; -1.6335444; 0.0003303; 24.5687986; -1.2761954
1278.3905232; 74.3427322; 239.3125891; -1.6322375; 0.0003804; 24.4022229; -6.2855509
1281.5864995; 77.5322272; 239.1177247; -1.6317923; -0.0003105; 23.5646247; -9.1570839
1284.7824758; 80.7212142; 238.9188355; -1.6355973; -0.0024892; 22.2881110; -8.8217874
1287.9784521; 83.9079039; 238.6932000; -1.6499735; -0.0071753; 20.9850291; -6.9878176
1291.1744284; 87.0870538; 238.3945273; -1.6820801; -0.0129753; 19.8923515; -5.1529761
1294.3704047; 90.2514509; 237.9650285; -1.7321511; -0.0182941; 19.0464713; -3.8641567
1297.5663811; 93.3819990; 237.3557165; -1.7937357; -0.0183313; 18.3866409; -3.0921932
1300.7623574; 96.4798375; 236.5616547; -1.8499504; -0.0186779; 17.8410596; -2.6825564
1303.9583337; 99.5571753; 235.5696419; -1.9182753; -0.0244699; 17.3538651; -2.2668768
1307.1543100; 102.5483692; 234.3235717; -2.0197914; -0.0362091; 16.9312394; -1.2974327
1310.3502863; 105.2984208; 232.7769937; -2.1515094; -0.0416767; 16.6845359; 0.1251286
1313.5462626; 107.8315134; 230.9228869; -2.2494728; -0.0283632; 16.7084875; 0.3958046
1316.7422389; 110.2335003; 228.7916962; -2.3475674; -0.0344839; 16.7840257; 0.2771811
1319.9382152; 112.3937960; 226.4377598; -2.4480784; -0.0300932; 16.8367232; 0.2117247
1323.1341915; 114.3257428; 223.8844486; -2.5371410; -0.0258399; 16.8768653; 1.6585446
1326.3301678; 116.0338660; 221.1819989; -2.6182895; -0.0248384; 17.1880749; 3.3293943
1329.5261441; 117.5290716; 218.3600209; -2.6851466; -0.0157245; 17.7963831; 4.1034757
1332.7221204; 118.8757600; 215.4625537; -2.7256651; -0.0108202; 18.5186520; 4.6900769
1335.9180967; 120.1217881; 212.5204696; -2.7542360; -0.0069932; 19.3111165; 5.1778506
1339.1140731; 121.3008361; 209.5501473; -2.7719382; -0.0044241; 20.1498337; 5.3542787
1342.3100494; 122.4367014; 206.5629514; -2.7841327; -0.0035312; 20.9818992; 5.3687812
1345.5060257; 123.5387758; 203.5631116; -2.7946436; -0.0030359; 21.7843313; 5.3581358
1348.7020020; 124.6116914; 200.5527096; -2.8035417; -0.0025360; 22.5567293; 5.3460686
1351.8979783; 125.6601496; 197.5337019; -2.8108890; -0.0020714; 23.3018852; 5.3324316
1355.0939546; 126.6885660; 194.5078052; -2.8168345; -0.0016623; 24.0221253; 5.3171831
1358.2899309; 127.7008586; 191.4764764; -2.8215683; -0.0013130; 24.7194193; 5.3003337
1361.4859072; 128.7003908; 188.4409171; -2.8252771; -0.0010200; 25.3954557; 5.2819365
1364.6818835; 129.6899948; 185.4021085; -2.8281323; -0.0007775; 26.0516997; 5.2620583
1367.8778598; 130.6720209; 182.3608440; -2.8302854; -0.0005791; 26.6894340; 5.2407668
1371.0738361; 131.6483954; 179.3177657; -2.8318663; -0.0004180; 27.3097898; 5.2181502
1374.2698124; 132.6206920; 176.2733744; -2.8329805; -0.0002845; 27.9137742; 5.1944037
1377.4657888; 133.5902141; 173.2281404; -2.8336781; -0.0001489; 28.5023011; 5.1694742
1380.6617651; 134.5582440; 170.1823963; -2.8340096; -0.0000834; 29.0761793; 4.5543049
1383.8577414; 135.5254965; 167.1362934; -2.8342181; -0.0000432; 29.5725397; 2.8908614
1387.0537177; 136.4923347; 164.0900309; -2.8342870; -0.0000014; 29.8833290; 0.9761488
1390.2496940; 137.4591526; 161.0437686; -2.8342344; 0.0000324; 29.9875449; 0.1168769
1393.4456703; 138.4262833; 157.9976027; -2.8340862; 0.0000587; 29.9999987; -0.0000054
1396.6416466; 139.3939813; 154.9516167; -2.8338662; 0.0000770; 29.9999981; -0.0000018
1399.8376229; 140.3624257; 151.9058671; -2.8336005; 0.0000874; 29.9999979; 0.0000000
1403.0335992; 141.3317175; 148.8603865; -2.8333135; 0.0000907; 29.9999979; 0.0000000
1406.2295755; 142.3018900; 145.8151856; -2.8330252; 0.0000886; 29.9999979; 0.0000000
1409.4255518; 143.2729228; 142.7702582; -2.8327507; 0.0000824; 29.9999979; 0.0000000
1412.6215281; 144.2447563; 139.7255858; -2.8325008; 0.0000734; 29.9999979; 0.0000000
1415.8175044; 145.2173032; 136.6811407; -2.8322831; 0.0000624; 29.9999979; 0.0000000
1419.0134808; 146.1904570; 133.6368891; -2.8321029; 0.0000500; 29.9999979; -0.0000000
1422.2094571; 147.1640969; 130.5927927; -2.8319644; 0.0000364; 29.9999979; -0.0000000
1425.4054334; 148.1380904; 127.5488094; -2.8318714; 0.0000215; 29.9999979; -0.0000000
1428.6014097; 149.1122926; 124.5048931; -2.8318280; 0.0000052; 29.9999979; -0.0000000
1431.7973860; 150.0865448; 121.4609931; -2.8318393; -0.0000128; 29.9999979; -0.0000000
1434.9933623; 151.0606713; 118.4170533; -2.8319116; -0.0000330; 29.9999979; -0.0000000
1438.1893386; 152.0344756; 115.3730110; -2.8320521; -0.0000556; 29.9999979; -0.0000000
1441.3853149; 153.0077382; 112.3287962; -2.8322688; -0.0000806; 29.9999979; -0.0000000
1444.5812912; 153.9802151; 109.2843311; -2.8325695; -0.0001081; 29.9999979; -0.0000000
1447.7772675; 154.9516389; 106.2395305; -2.8329613; -0.0001374; 29.9999979; -0.0000000
1450.9732438; 155.9217247; 103.1943041; -2.8334486; -0.0001675; 29.9999979; -0.0000000
1454.1692201; 156.8901799; 100.1485594; -2.8340315; -0.0001966; 29.9999979; -0.0000000
1457.3651965; 157.8567223; 97.1022074; -2.8347027; -0.0002221; 29.9999979; -0.0000000
1460.5611728; 158.8211048; 94.0551717; -2.8354453; -0.0002402; 29.9999979; -0.0000000
1463.7571491; 159.7831527; 91.0073965; -2.8362288; -0.0002462; 29.9999979; -0.0000000
1466.9531254; 160.7428080; 87.9588722; -2.8370049; -0.0002343; 29.9999979; -0.0000000
1470.1491017; 161.7001942; 84.9096185; -2.8377084; -0.0001998; 29.9999979; -0.0000000
1473.3450780; 162.6556214; 81.8597951; -2.8382842; -0.0001738; 29.9999979; -0.0000000
1476.5410543; 163.6093016; 78.8096494; -2.8387823; -0.0000809; 29.9999979; 0.0000000
1479.7370306; 164.5622439; 75.7593561; -2.8386762; 0.0001460; 29.9999979; 0.0000000
1482.9330069; 165.5166336; 72.7094391; -2.8378417; 0.0003852; 29.9999979; 0.0000000
1486.1289832; 166.4747943; 69.6607129; -2.8361751; 0.0006749; 29.9999979; 0.0000000
1489.3249595; 167.4395573; 66.6140653; -2.8334740; 0.0010318; 29.9999979; 0.0000059
1492.5209358; 168.4143856; 63.5706211; -2.8295320; 0.0014497; 29.9999986; -0.0000055
1495.7169121; 169.4033196; 60.5317300; -2.8241748; 0.0019094; 29.9999980; -0.7371062
1498.9128885; 170.4107870; 57.4989322; -2.8173049; 0.0024035; 29.9213691; -2.9588013
1502.1088648; 171.4415399; 54.4739655; -2.8087660; 0.0029633; 29.6036453; -5.7521185
1505.3048411; 172.5009212; 51.4589086; -2.7983011; 0.0036064; 28.9759995; -7.7649980
1508.5008174; 173.5950095; 48.4562523; -2.7856641; 0.0043178; 28.1064947; -8.2915481
1511.6967937; 174.7304277; 45.4690155; -2.7706661; 0.0050813; 27.1472994; -7.9381680
1514.8927700; 175.9142612; 42.5005198; -2.7531219; 0.0059594; 26.1960964; -7.4604124
1518.0887463; 177.1544610; 39.5552904; -2.7324151; 0.0069714; 25.2695245; -6.8540433
1521.2847226; 178.4598926; 36.6383421; -2.7086197; 0.0080876; 24.3872538; -6.1771753
1524.4806989; 179.8413617; 33.7552082; -2.6799410; 0.0099414; 23.5638268; -5.5273800
1527.6766752; 181.3144958; 30.9172232; -2.6444069; 0.0122347; 22.8018241; -4.9892867
1530.8726515; 182.8967720; 28.1395880; -2.6020716; 0.0142675; 22.0914440; -4.5982823
1534.0686278; 184.6034338; 25.4376652; -2.5532791; 0.0163122; 21.4158795; -4.3397780
1537.2646042; 186.4479108; 22.8287141; -2.4980118; 0.0183674; 20.7581367; -4.1243334
1540.4605805; 188.4417665; 20.3321732; -2.4362486; 0.0204139; 20.1131225; -3.9470087
1543.6565568; 190.5940989; 17.9696345; -2.3681688; 0.0223138; 19.4758467; -3.8161235
1546.8525331; 192.9099232; 15.7643744; -2.2944725; 0.0238529; 18.8392177; -3.7232247
1550.0485094; 195.3876355; 13.7404375; -2.2163587; 0.0250092; 18.1966329; -3.5115524
1553.2444857; 198.0173066; 11.9218482; -2.1347679; 0.0261100; 17.5690572; -2.8195610
1556.4404620; 200.7834968; 10.3317580; -2.0495523; 0.0274591; 17.0484390; -1.6912817
1559.6364383; 203.6735761; 8.9911215; -1.9596136; 0.0293127; 16.7283795; -1.2203346
1562.8324146; 206.6817081; 7.9247743; -1.8613443; 0.0323856; 16.4935854; -1.1585636
1566.0283909; 209.7936505; 7.1751439; -1.7508483; 0.0359789; 16.2675405; -1.1963368
